session_id,agents,interaction_count,first_interaction,last_interaction
55,"classifier_llm, answer_generator_llm, observer_llm",12,2025-11-03 03:18:24.030309+00:00,2025-11-10 03:01:23.807010+00:00
71,freetalker_llm,6,2025-10-29 04:35:02.697362+00:00,2025-10-29 04:44:58.931792+00:00
78,freetalker_llm,1,2025-10-28 14:43:05.347689+00:00,2025-10-28 14:43:05.347689+00:00
92,freetalker_llm,1,2025-10-30 01:49:30.555320+00:00,2025-10-30 01:49:30.555320+00:00
95,"classifier_llm, answer_generator_llm, observer_llm",9,2025-11-02 23:50:19.414181+00:00,2025-11-02 23:51:53.933593+00:00
125,freetalker_llm,3,2025-10-27 10:04:34.909286+00:00,2025-10-27 10:09:40.194892+00:00
133,"classifier_llm, answer_generator_llm, observer_llm",15,2025-10-27 08:25:37.774689+00:00,2025-10-27 08:50:06.510207+00:00
134,freetalker_llm,1,2025-10-28 00:43:33.774907+00:00,2025-10-28 00:43:33.774907+00:00
137,"answer_generator_llm, observer_llm, classifier_llm",4,2025-10-27 05:48:14.272014+00:00,2025-10-27 06:05:30.660262+00:00
138,freetalker_llm,1,2025-10-27 05:44:43.741124+00:00,2025-10-27 05:44:43.741124+00:00
139,freetalker_llm,11,2025-10-27 07:58:46.887542+00:00,2025-10-27 08:48:31.280938+00:00
140,freetalker_llm,1,2025-10-27 08:57:24.188750+00:00,2025-10-27 08:57:24.188750+00:00
141,freetalker_llm,3,2025-10-27 13:42:25.301360+00:00,2025-10-27 13:52:49.374888+00:00
142,freetalker_llm,1,2025-10-27 13:59:12.993263+00:00,2025-10-27 13:59:12.993263+00:00
143,freetalker_llm,1,2025-10-27 14:07:54.516147+00:00,2025-10-27 14:07:54.516147+00:00
144,freetalker_llm,1,2025-10-27 14:15:24.254314+00:00,2025-10-27 14:15:24.254314+00:00
145,"classifier_llm, answer_generator_llm, observer_llm",9,2025-10-27 16:15:43.805251+00:00,2025-10-27 16:21:55.939433+00:00
146,"classifier_llm, answer_generator_llm, observer_llm",9,2025-10-27 16:21:07.629922+00:00,2025-10-28 05:04:03.807803+00:00
147,freetalker_llm,7,2025-10-27 23:26:40.312902+00:00,2025-10-28 03:10:56.235746+00:00
148,freetalker_llm,4,2025-10-28 02:52:44.364255+00:00,2025-10-28 03:02:25.127969+00:00
149,"classifier_llm, answer_generator_llm, observer_llm",3,2025-10-28 02:54:10.592993+00:00,2025-10-28 02:54:53.600584+00:00
150,"classifier_llm, answer_generator_llm, observer_llm",6,2025-10-28 02:56:42.944122+00:00,2025-10-28 03:00:45.757925+00:00
151,freetalker_llm,3,2025-10-28 02:56:54.875037+00:00,2025-10-28 03:00:07.845188+00:00
152,freetalker_llm,1,2025-10-28 02:57:48.066357+00:00,2025-10-28 02:57:48.066357+00:00
153,freetalker_llm,1,2025-10-28 02:58:58.789136+00:00,2025-10-28 02:58:58.789136+00:00
154,freetalker_llm,2,2025-10-28 02:59:24.066187+00:00,2025-10-28 03:10:24.797266+00:00
155,freetalker_llm,3,2025-10-28 03:02:41.012199+00:00,2025-10-28 03:08:26.292075+00:00
156,freetalker_llm,5,2025-10-28 03:03:26.679050+00:00,2025-10-28 10:58:18.718618+00:00
157,"classifier_llm, answer_generator_llm, observer_llm",3,2025-10-28 03:14:03.552110+00:00,2025-10-28 03:14:44.551907+00:00
158,freetalker_llm,1,2025-10-28 03:18:39.112696+00:00,2025-10-28 03:18:39.112696+00:00
159,"classifier_llm, observer_llm, answer_generator_llm",11,2025-10-28 05:01:34.502095+00:00,2025-10-30 01:48:47.566115+00:00
160,"classifier_llm, observer_llm, answer_generator_llm",10,2025-10-28 05:04:56.215185+00:00,2025-10-28 05:07:52.349830+00:00
161,"classifier_llm, answer_generator_llm, observer_llm",3,2025-10-28 05:05:50.121936+00:00,2025-10-28 05:07:20.443786+00:00
162,freetalker_llm,4,2025-10-28 05:11:06.124056+00:00,2025-10-28 06:43:01.943150+00:00
163,freetalker_llm,6,2025-10-28 06:33:32.252447+00:00,2025-10-28 07:03:07.543236+00:00
164,"classifier_llm, answer_generator_llm, observer_llm",6,2025-10-28 06:40:27.848179+00:00,2025-10-28 06:54:22.192267+00:00
165,freetalker_llm,1,2025-10-28 06:44:09.742266+00:00,2025-10-28 06:44:09.742266+00:00
166,freetalker_llm,2,2025-10-28 06:50:02.363533+00:00,2025-11-04 23:23:53.502667+00:00
167,freetalker_llm,2,2025-10-28 06:54:59.983384+00:00,2025-10-28 07:03:37.267640+00:00
168,freetalker_llm,2,2025-10-28 06:55:24.033305+00:00,2025-10-28 06:56:32.537293+00:00
169,freetalker_llm,2,2025-10-28 07:07:05.690832+00:00,2025-10-28 07:10:19.231184+00:00
170,freetalker_llm,4,2025-10-28 08:11:33.858526+00:00,2025-10-28 10:28:45.591425+00:00
171,"classifier_llm, answer_generator_llm, observer_llm",3,2025-10-28 08:50:46.842045+00:00,2025-10-28 08:51:31.393878+00:00
172,"classifier_llm, answer_generator_llm, observer_llm",7,2025-10-28 10:10:43.393003+00:00,2025-10-28 10:22:13.727115+00:00
173,"classifier_llm, answer_generator_llm, observer_llm",12,2025-10-28 10:17:00.420672+00:00,2025-10-28 10:59:09.990783+00:00
174,"classifier_llm, answer_generator_llm, observer_llm",3,2025-10-28 12:18:25.956712+00:00,2025-10-28 12:19:04.680187+00:00
175,freetalker_llm,3,2025-10-28 14:28:32.743713+00:00,2025-10-28 14:34:20.350820+00:00
176,freetalker_llm,3,2025-10-28 14:38:12.950578+00:00,2025-10-28 14:46:40.393563+00:00
177,freetalker_llm,1,2025-10-28 14:42:17.288948+00:00,2025-10-28 14:42:17.288948+00:00
178,freetalker_llm,3,2025-10-29 01:44:36.556745+00:00,2025-10-29 01:56:58.763401+00:00
179,"classifier_llm, answer_generator_llm, observer_llm",3,2025-10-29 01:46:01.370199+00:00,2025-10-29 01:46:39.906529+00:00
180,"classifier_llm, answer_generator_llm, observer_llm",3,2025-10-29 01:47:39.738470+00:00,2025-10-29 01:48:31.262550+00:00
181,"classifier_llm, observer_llm",2,2025-10-29 01:50:23.689389+00:00,2025-10-29 01:50:36.726656+00:00
182,freetalker_llm,1,2025-10-29 01:53:32.755704+00:00,2025-10-29 01:53:32.755704+00:00
183,freetalker_llm,2,2025-10-29 01:54:02.220048+00:00,2025-10-29 01:58:00.421508+00:00
184,"classifier_llm, answer_generator_llm, observer_llm",3,2025-10-29 01:55:11.776564+00:00,2025-10-29 01:55:33.441472+00:00
185,freetalker_llm,2,2025-10-29 01:56:28.675030+00:00,2025-10-29 01:57:43.804601+00:00
186,freetalker_llm,1,2025-10-29 01:56:43.333567+00:00,2025-10-29 01:56:43.333567+00:00
187,freetalker_llm,1,2025-10-29 01:58:34.607662+00:00,2025-10-29 01:58:34.607662+00:00
188,"classifier_llm, answer_generator_llm, observer_llm",3,2025-10-29 04:24:13.395462+00:00,2025-10-29 04:24:44.072231+00:00
189,"classifier_llm, answer_generator_llm, observer_llm",3,2025-10-29 04:29:15.707880+00:00,2025-10-29 04:30:02.245912+00:00
190,"classifier_llm, answer_generator_llm, observer_llm",9,2025-10-29 04:31:14.322231+00:00,2025-10-29 04:34:10.003358+00:00
191,freetalker_llm,2,2025-10-29 04:33:58.575314+00:00,2025-10-29 04:34:35.414272+00:00
192,freetalker_llm,1,2025-10-29 04:34:27.663258+00:00,2025-10-29 04:34:27.663258+00:00
193,freetalker_llm,3,2025-10-29 04:35:23.108505+00:00,2025-10-29 04:37:52.014605+00:00
194,freetalker_llm,14,2025-10-29 04:35:32.104075+00:00,2025-10-29 04:45:01.701304+00:00
195,freetalker_llm,1,2025-10-29 04:36:10.597910+00:00,2025-10-29 04:36:10.597910+00:00
196,classifier_llm,1,2025-10-29 04:36:49.526631+00:00,2025-10-29 04:36:49.526631+00:00
197,"classifier_llm, answer_generator_llm, observer_llm",10,2025-10-29 04:37:07.455346+00:00,2025-10-29 04:44:02.191056+00:00
198,"classifier_llm, observer_llm",2,2025-10-29 04:39:01.172610+00:00,2025-10-29 04:39:10.826056+00:00
199,freetalker_llm,2,2025-10-29 04:39:15.424526+00:00,2025-10-29 04:40:07.866611+00:00
200,"classifier_llm, answer_generator_llm, observer_llm",9,2025-10-29 04:39:27.402183+00:00,2025-10-29 08:13:17.991772+00:00
201,freetalker_llm,1,2025-10-29 04:39:54.070284+00:00,2025-10-29 04:39:54.070284+00:00
202,freetalker_llm,1,2025-10-29 04:39:52.053293+00:00,2025-10-29 04:39:52.053293+00:00
203,"classifier_llm, answer_generator_llm, observer_llm",4,2025-10-29 04:40:54.228778+00:00,2025-10-29 04:44:23.239677+00:00
204,freetalker_llm,2,2025-10-29 04:42:33.266183+00:00,2025-10-29 04:44:48.087934+00:00
205,"classifier_llm, answer_generator_llm, observer_llm",7,2025-10-29 04:42:34.865410+00:00,2025-10-29 04:45:21.002275+00:00
206,"classifier_llm, answer_generator_llm, observer_llm",3,2025-10-29 04:44:00.806864+00:00,2025-10-29 04:44:55.221594+00:00
207,"classifier_llm, observer_llm",3,2025-10-29 04:45:33.535953+00:00,2025-10-29 04:46:31.803526+00:00
208,"classifier_llm, answer_generator_llm, observer_llm",3,2025-10-29 04:45:52.060120+00:00,2025-10-29 04:46:25.215770+00:00
209,freetalker_llm,2,2025-10-29 04:47:17.243113+00:00,2025-10-29 04:47:54.056878+00:00
210,"classifier_llm, answer_generator_llm, observer_llm",3,2025-10-29 04:49:08.762390+00:00,2025-10-29 04:49:51.919683+00:00
211,freetalker_llm,4,2025-10-29 04:49:13.173481+00:00,2025-10-29 04:52:30.319375+00:00
212,freetalker_llm,2,2025-10-29 04:50:04.814864+00:00,2025-10-29 04:51:02.922760+00:00
213,"classifier_llm, answer_generator_llm, observer_llm",4,2025-10-29 04:51:03.750624+00:00,2025-10-29 04:57:45.770538+00:00
214,freetalker_llm,2,2025-10-29 04:53:51.626122+00:00,2025-10-29 04:54:16.426800+00:00
215,freetalker_llm,1,2025-10-29 04:56:52.226464+00:00,2025-10-29 04:56:52.226464+00:00
216,freetalker_llm,1,2025-10-29 04:59:50.363580+00:00,2025-10-29 04:59:50.363580+00:00
217,freetalker_llm,2,2025-10-29 05:05:07.910044+00:00,2025-10-29 05:05:30.863170+00:00
218,freetalker_llm,5,2025-10-29 05:06:31.885089+00:00,2025-10-29 05:08:54.227047+00:00
219,"classifier_llm, answer_generator_llm, observer_llm",8,2025-10-29 05:13:57.952991+00:00,2025-10-29 06:15:35.979524+00:00
220,freetalker_llm,1,2025-10-29 08:24:28.206018+00:00,2025-10-29 08:24:28.206018+00:00
221,freetalker_llm,1,2025-10-29 10:23:53.247670+00:00,2025-10-29 10:23:53.247670+00:00
222,freetalker_llm,2,2025-10-29 13:56:50.859551+00:00,2025-10-29 13:59:38.375196+00:00
223,"classifier_llm, answer_generator_llm, observer_llm",3,2025-10-29 14:01:11.592352+00:00,2025-10-29 14:01:19.388199+00:00
224,"classifier_llm, answer_generator_llm, observer_llm",3,2025-10-29 14:06:43.975926+00:00,2025-10-29 14:06:54.117484+00:00
225,freetalker_llm,3,2025-10-29 14:08:36.819997+00:00,2025-10-29 14:11:49.802323+00:00
226,"classifier_llm, answer_generator_llm, observer_llm",27,2025-10-29 14:22:26.884807+00:00,2025-11-10 01:46:27.125809+00:00
227,"classifier_llm, answer_generator_llm, observer_llm",4,2025-10-29 14:23:10.526279+00:00,2025-10-29 14:26:28.852551+00:00
228,"classifier_llm, answer_generator_llm, observer_llm",3,2025-10-29 14:34:57.198824+00:00,2025-10-29 14:35:06.823646+00:00
229,freetalker_llm,1,2025-10-29 14:40:16.298266+00:00,2025-10-29 14:40:16.298266+00:00
230,"classifier_llm, answer_generator_llm, observer_llm",3,2025-10-29 14:41:19.656442+00:00,2025-10-29 14:41:29.902473+00:00
231,"classifier_llm, answer_generator_llm, observer_llm",8,2025-10-30 01:45:13.460018+00:00,2025-10-30 01:51:14.415849+00:00
232,freetalker_llm,2,2025-10-30 01:49:14.399769+00:00,2025-10-30 01:49:40.122880+00:00
233,classifier_llm,1,2025-10-30 01:49:30.403748+00:00,2025-10-30 01:49:30.403748+00:00
234,"classifier_llm, answer_generator_llm, observer_llm",3,2025-10-30 01:49:32.810907+00:00,2025-10-30 01:49:38.259045+00:00
235,freetalker_llm,8,2025-10-30 01:50:07.699224+00:00,2025-10-30 01:53:46.561714+00:00
236,freetalker_llm,3,2025-10-30 01:51:16.922654+00:00,2025-10-30 01:52:09.023703+00:00
237,"classifier_llm, answer_generator_llm, observer_llm",6,2025-10-30 01:51:18.592480+00:00,2025-10-30 01:53:07.936854+00:00
238,freetalker_llm,1,2025-10-30 01:51:44.960901+00:00,2025-10-30 01:51:44.960901+00:00
239,freetalker_llm,1,2025-10-30 01:51:50.384432+00:00,2025-10-30 01:51:50.384432+00:00
240,"classifier_llm, answer_generator_llm, observer_llm",3,2025-10-30 01:52:16.014759+00:00,2025-10-30 01:52:22.809097+00:00
241,freetalker_llm,3,2025-10-30 01:53:36.750468+00:00,2025-10-30 02:02:05.454306+00:00
242,"classifier_llm, observer_llm",4,2025-10-30 01:53:36.407655+00:00,2025-10-30 01:53:44.253720+00:00
243,freetalker_llm,1,2025-10-30 01:55:53.485113+00:00,2025-10-30 01:55:53.485113+00:00
244,freetalker_llm,2,2025-10-30 01:57:51.078355+00:00,2025-10-30 01:58:21.232796+00:00
245,freetalker_llm,1,2025-10-30 01:58:33.139391+00:00,2025-10-30 01:58:33.139391+00:00
246,"classifier_llm, answer_generator_llm, observer_llm",3,2025-10-30 01:59:46.823782+00:00,2025-10-30 01:59:56.927702+00:00
247,freetalker_llm,1,2025-10-30 01:59:55.473239+00:00,2025-10-30 01:59:55.473239+00:00
248,freetalker_llm,1,2025-10-30 02:00:25.701267+00:00,2025-10-30 02:00:25.701267+00:00
249,"classifier_llm, answer_generator_llm, observer_llm",6,2025-10-30 02:00:25.523251+00:00,2025-10-30 02:07:02.477713+00:00
250,freetalker_llm,2,2025-10-30 02:00:48.497574+00:00,2025-10-30 02:01:06.081296+00:00
251,freetalker_llm,1,2025-10-30 02:00:52.930490+00:00,2025-10-30 02:00:52.930490+00:00
252,freetalker_llm,3,2025-10-30 02:05:20.672506+00:00,2025-11-02 23:45:48.633478+00:00
253,freetalker_llm,7,2025-10-30 02:07:49.239207+00:00,2025-10-30 02:09:33.490438+00:00
254,freetalker_llm,1,2025-10-30 02:08:32.124427+00:00,2025-10-30 02:08:32.124427+00:00
255,freetalker_llm,7,2025-10-30 02:08:51.534653+00:00,2025-10-30 02:10:21.834017+00:00
256,freetalker_llm,1,2025-10-30 02:40:44.614433+00:00,2025-10-30 02:40:44.614433+00:00
257,freetalker_llm,1,2025-10-30 02:43:07.704619+00:00,2025-10-30 02:43:07.704619+00:00
258,"classifier_llm, answer_generator_llm, observer_llm",3,2025-10-30 02:43:33.888609+00:00,2025-10-30 02:43:41.787631+00:00
259,freetalker_llm,2,2025-10-30 02:44:02.217038+00:00,2025-10-30 02:45:45.881971+00:00
260,freetalker_llm,1,2025-10-30 02:46:02.125757+00:00,2025-10-30 02:46:02.125757+00:00
261,freetalker_llm,1,2025-10-30 02:46:49.125783+00:00,2025-10-30 02:46:49.125783+00:00
262,freetalker_llm,1,2025-10-30 02:47:40.852202+00:00,2025-10-30 02:47:40.852202+00:00
263,freetalker_llm,1,2025-10-30 02:48:36.796557+00:00,2025-10-30 02:48:36.796557+00:00
264,"classifier_llm, answer_generator_llm, observer_llm",3,2025-10-30 02:49:35.677708+00:00,2025-10-30 02:49:41.844118+00:00
265,freetalker_llm,4,2025-10-30 02:49:59.095683+00:00,2025-10-30 02:50:38.007209+00:00
266,freetalker_llm,1,2025-10-30 02:50:53.968706+00:00,2025-10-30 02:50:53.968706+00:00
267,"classifier_llm, answer_generator_llm, observer_llm",3,2025-10-30 02:50:56.280556+00:00,2025-10-30 02:51:04.261935+00:00
268,"classifier_llm, answer_generator_llm, observer_llm",4,2025-10-30 02:51:43.628082+00:00,2025-10-30 02:55:01.139317+00:00
269,freetalker_llm,46,2025-10-30 02:52:53.140880+00:00,2025-10-30 03:03:23.385186+00:00
270,freetalker_llm,4,2025-10-30 02:53:12.746171+00:00,2025-10-30 02:55:39.894099+00:00
271,freetalker_llm,1,2025-10-30 02:53:33.765027+00:00,2025-10-30 02:53:33.765027+00:00
272,freetalker_llm,14,2025-10-30 02:53:53.632145+00:00,2025-10-30 02:56:02.251522+00:00
273,freetalker_llm,6,2025-10-30 02:57:03.320293+00:00,2025-10-30 02:58:06.054184+00:00
274,"classifier_llm, answer_generator_llm, observer_llm",3,2025-10-30 02:58:14.825162+00:00,2025-10-30 02:58:21.239726+00:00
275,"classifier_llm, observer_llm, answer_generator_llm",7,2025-10-30 02:59:29.277140+00:00,2025-10-30 03:00:51.907190+00:00
276,freetalker_llm,2,2025-10-30 02:59:46.040147+00:00,2025-10-30 03:00:13.623032+00:00
277,freetalker_llm,3,2025-10-30 03:04:41.821370+00:00,2025-10-30 03:05:17.107043+00:00
278,freetalker_llm,1,2025-10-30 03:04:58.105505+00:00,2025-10-30 03:04:58.105505+00:00
279,freetalker_llm,1,2025-10-30 03:05:39.212193+00:00,2025-10-30 03:05:39.212193+00:00
280,freetalker_llm,4,2025-10-30 03:13:52.779463+00:00,2025-10-30 03:20:38.747340+00:00
281,freetalker_llm,1,2025-10-30 03:17:47.529857+00:00,2025-10-30 03:17:47.529857+00:00
282,freetalker_llm,3,2025-10-30 03:18:53.892439+00:00,2025-10-30 03:29:49.717321+00:00
283,"classifier_llm, answer_generator_llm, observer_llm",3,2025-10-30 03:21:10.428406+00:00,2025-10-30 03:21:18.767807+00:00
284,"classifier_llm, answer_generator_llm, observer_llm",3,2025-10-30 05:55:28.346461+00:00,2025-10-30 05:55:36.917537+00:00
285,"classifier_llm, answer_generator_llm, observer_llm",3,2025-10-30 06:27:52.160043+00:00,2025-10-30 06:27:59.248441+00:00
286,freetalker_llm,1,2025-10-30 06:29:21.086508+00:00,2025-10-30 06:29:21.086508+00:00
287,"classifier_llm, answer_generator_llm, observer_llm",3,2025-10-30 06:29:48.248328+00:00,2025-10-30 06:29:54.395168+00:00
288,"classifier_llm, answer_generator_llm, observer_llm",3,2025-10-30 06:30:51.495538+00:00,2025-10-30 06:30:58.847865+00:00
289,"classifier_llm, answer_generator_llm, observer_llm",10,2025-10-30 06:31:49.400466+00:00,2025-10-30 06:52:06.609845+00:00
290,"classifier_llm, answer_generator_llm, observer_llm",3,2025-10-30 06:31:51.870284+00:00,2025-10-30 06:32:00.122951+00:00
291,freetalker_llm,6,2025-10-30 06:35:45.896128+00:00,2025-10-30 06:46:00.089263+00:00
292,freetalker_llm,1,2025-10-30 06:35:47.987059+00:00,2025-10-30 06:35:47.987059+00:00
293,"classifier_llm, answer_generator_llm, observer_llm",7,2025-10-30 06:37:37.039741+00:00,2025-10-30 06:49:51.299091+00:00
294,freetalker_llm,2,2025-10-30 06:38:17.951829+00:00,2025-10-30 06:38:31.506410+00:00
295,freetalker_llm,1,2025-10-30 06:38:50.044954+00:00,2025-10-30 06:38:50.044954+00:00
296,freetalker_llm,1,2025-10-30 06:39:18.430384+00:00,2025-10-30 06:39:18.430384+00:00
297,"classifier_llm, answer_generator_llm, observer_llm",3,2025-10-30 06:40:28.416409+00:00,2025-10-30 06:40:37.101082+00:00
298,"classifier_llm, answer_generator_llm, observer_llm",3,2025-10-30 06:46:02.342327+00:00,2025-10-30 06:46:14.051631+00:00
299,freetalker_llm,2,2025-10-30 06:46:48.557415+00:00,2025-10-30 06:48:02.373644+00:00
300,"classifier_llm, answer_generator_llm, observer_llm",3,2025-10-30 06:49:15.775827+00:00,2025-10-30 06:49:26.844373+00:00
301,freetalker_llm,2,2025-10-30 06:50:06.611407+00:00,2025-11-03 01:52:47.590994+00:00
302,freetalker_llm,3,2025-10-30 06:53:52.176247+00:00,2025-10-30 07:07:42.000080+00:00
303,"classifier_llm, answer_generator_llm, observer_llm",3,2025-10-30 06:54:09.336326+00:00,2025-10-30 06:54:21.943201+00:00
304,freetalker_llm,1,2025-10-30 06:58:59.401754+00:00,2025-10-30 06:58:59.401754+00:00
305,"classifier_llm, answer_generator_llm, observer_llm",3,2025-10-30 07:02:17.438494+00:00,2025-10-30 07:02:25.478897+00:00
306,freetalker_llm,2,2025-10-31 08:46:15.302647+00:00,2025-10-31 08:47:00.014580+00:00
307,freetalker_llm,4,2025-10-31 09:23:53.408328+00:00,2025-10-31 09:29:16.730288+00:00
308,freetalker_llm,2,2025-10-31 13:17:55.949614+00:00,2025-10-31 13:18:05.739243+00:00
309,freetalker_llm,3,2025-11-01 06:03:12.223850+00:00,2025-11-01 06:12:58.164909+00:00
310,"classifier_llm, answer_generator_llm, observer_llm",6,2025-11-01 15:41:24.110293+00:00,2025-11-01 15:42:48.110344+00:00
311,"classifier_llm, answer_generator_llm, observer_llm",9,2025-11-01 15:43:14.966344+00:00,2025-11-01 15:47:55.897200+00:00
312,classifier_llm,1,2025-11-02 03:58:42.350407+00:00,2025-11-02 03:58:42.350407+00:00
313,freetalker_llm,1,2025-11-02 08:07:13.177108+00:00,2025-11-02 08:07:13.177108+00:00
314,"classifier_llm, answer_generator_llm, observer_llm",6,2025-11-02 10:29:52.377962+00:00,2025-11-02 10:34:10.883223+00:00
315,freetalker_llm,4,2025-11-02 11:37:22.932895+00:00,2025-11-02 12:01:52.683832+00:00
316,freetalker_llm,2,2025-11-02 11:49:14.905722+00:00,2025-11-02 11:49:51.737466+00:00
317,"classifier_llm, answer_generator_llm, observer_llm",3,2025-11-02 15:43:40.026372+00:00,2025-11-02 15:43:47.880093+00:00
318,"classifier_llm, answer_generator_llm, observer_llm",3,2025-11-02 15:44:49.060375+00:00,2025-11-02 15:44:56.900768+00:00
319,"classifier_llm, answer_generator_llm, observer_llm",3,2025-11-02 15:47:05.062611+00:00,2025-11-02 15:47:15.866701+00:00
320,"classifier_llm, answer_generator_llm, observer_llm",3,2025-11-02 15:49:00.080905+00:00,2025-11-02 15:49:07.916686+00:00
321,"classifier_llm, answer_generator_llm, observer_llm",6,2025-11-02 22:58:10.597251+00:00,2025-11-02 22:58:49.385146+00:00
322,freetalker_llm,5,2025-11-02 23:03:06.988287+00:00,2025-11-12 03:54:10.379554+00:00
323,freetalker_llm,1,2025-11-02 23:08:57.759561+00:00,2025-11-02 23:08:57.759561+00:00
324,freetalker_llm,1,2025-11-02 23:20:57.392885+00:00,2025-11-02 23:20:57.392885+00:00
325,freetalker_llm,4,2025-11-02 23:21:03.184174+00:00,2025-11-02 23:26:25.221389+00:00
326,freetalker_llm,1,2025-11-02 23:29:58.295036+00:00,2025-11-02 23:29:58.295036+00:00
327,"classifier_llm, observer_llm",3,2025-11-02 23:43:21.480261+00:00,2025-11-02 23:43:27.920317+00:00
328,freetalker_llm,1,2025-11-02 23:44:27.375282+00:00,2025-11-02 23:44:27.375282+00:00
329,"classifier_llm, answer_generator_llm, observer_llm",3,2025-11-02 23:45:33.035211+00:00,2025-11-02 23:45:38.422339+00:00
330,"classifier_llm, answer_generator_llm, observer_llm",3,2025-11-02 23:46:19.843301+00:00,2025-11-02 23:46:26.878709+00:00
331,classifier_llm,1,2025-11-02 23:46:24.888553+00:00,2025-11-02 23:46:24.888553+00:00
332,"classifier_llm, answer_generator_llm, observer_llm",3,2025-11-02 23:46:45.930371+00:00,2025-11-02 23:46:51.904986+00:00
333,"classifier_llm, answer_generator_llm, observer_llm",4,2025-11-02 23:50:04.887358+00:00,2025-11-02 23:51:22.534808+00:00
334,freetalker_llm,2,2025-11-02 23:52:11.626818+00:00,2025-11-02 23:53:45.366889+00:00
335,freetalker_llm,2,2025-11-02 23:52:43.001387+00:00,2025-11-02 23:59:42.367763+00:00
336,"classifier_llm, answer_generator_llm, observer_llm",3,2025-11-02 23:53:41.840661+00:00,2025-11-02 23:53:49.295714+00:00
337,"classifier_llm, answer_generator_llm, observer_llm",3,2025-11-03 00:00:45.433100+00:00,2025-11-03 00:00:50.706351+00:00
338,"classifier_llm, answer_generator_llm, observer_llm",6,2025-11-03 00:01:14.656947+00:00,2025-11-06 02:09:10.985504+00:00
339,"classifier_llm, answer_generator_llm, observer_llm",3,2025-11-03 00:01:56.734032+00:00,2025-11-03 00:02:04.914987+00:00
340,freetalker_llm,1,2025-11-03 01:46:04.575401+00:00,2025-11-03 01:46:04.575401+00:00
341,"classifier_llm, answer_generator_llm, observer_llm",3,2025-11-03 01:49:14.490837+00:00,2025-11-03 01:49:21.759918+00:00
342,freetalker_llm,1,2025-11-03 01:49:25.149924+00:00,2025-11-03 01:49:25.149924+00:00
343,"classifier_llm, answer_generator_llm, observer_llm",3,2025-11-03 01:49:32.470101+00:00,2025-11-03 01:49:38.499128+00:00
344,freetalker_llm,5,2025-11-03 01:50:10.333672+00:00,2025-11-03 01:54:56.226680+00:00
345,freetalker_llm,6,2025-11-03 01:51:18.054897+00:00,2025-11-03 01:59:51.006214+00:00
346,"classifier_llm, answer_generator_llm, observer_llm",7,2025-11-03 01:51:34.127359+00:00,2025-11-03 02:00:36.777982+00:00
347,freetalker_llm,1,2025-11-03 01:54:31.591698+00:00,2025-11-03 01:54:31.591698+00:00
348,freetalker_llm,2,2025-11-03 01:54:33.825383+00:00,2025-11-03 01:54:56.253575+00:00
349,freetalker_llm,5,2025-11-03 01:55:53.040305+00:00,2025-11-03 01:59:33.166301+00:00
350,freetalker_llm,3,2025-11-03 01:59:16.358014+00:00,2025-11-03 02:04:20.807001+00:00
351,freetalker_llm,2,2025-11-03 02:00:33.852498+00:00,2025-11-03 02:00:44.764461+00:00
352,"classifier_llm, answer_generator_llm, observer_llm",3,2025-11-03 02:03:36.485214+00:00,2025-11-03 02:03:51.659809+00:00
353,freetalker_llm,2,2025-11-03 02:03:59.100446+00:00,2025-11-03 02:09:06.842311+00:00
354,"classifier_llm, answer_generator_llm, observer_llm",3,2025-11-03 02:04:30.452469+00:00,2025-11-03 02:04:37.188926+00:00
355,"classifier_llm, answer_generator_llm, observer_llm",3,2025-11-03 02:06:11.074039+00:00,2025-11-03 02:06:20.627112+00:00
356,"classifier_llm, answer_generator_llm, observer_llm",6,2025-11-03 02:07:08.923822+00:00,2025-11-03 02:07:57.617841+00:00
357,freetalker_llm,1,2025-11-03 02:07:18.608218+00:00,2025-11-03 02:07:18.608218+00:00
358,freetalker_llm,1,2025-11-03 02:07:27.380036+00:00,2025-11-03 02:07:27.380036+00:00
359,"classifier_llm, answer_generator_llm, observer_llm",6,2025-11-03 02:08:07.655652+00:00,2025-11-03 02:08:35.283916+00:00
360,"classifier_llm, answer_generator_llm, observer_llm",6,2025-11-03 02:08:48.017036+00:00,2025-11-03 02:09:25.734184+00:00
361,"classifier_llm, answer_generator_llm, observer_llm",6,2025-11-03 02:13:00.832997+00:00,2025-11-03 02:14:17.668911+00:00
362,"classifier_llm, answer_generator_llm, observer_llm",6,2025-11-03 02:48:01.294174+00:00,2025-11-03 02:55:15.077950+00:00
363,freetalker_llm,1,2025-11-03 02:50:21.401083+00:00,2025-11-03 02:50:21.401083+00:00
364,"classifier_llm, answer_generator_llm, observer_llm",4,2025-11-03 02:50:24.922016+00:00,2025-11-03 02:55:52.430012+00:00
365,freetalker_llm,3,2025-11-03 02:50:51.238410+00:00,2025-11-03 02:58:16.697522+00:00
366,freetalker_llm,1,2025-11-03 02:54:55.845240+00:00,2025-11-03 02:54:55.845240+00:00
367,freetalker_llm,4,2025-11-03 02:56:31.645956+00:00,2025-11-03 02:58:53.615548+00:00
368,freetalker_llm,2,2025-11-03 02:56:38.050783+00:00,2025-11-03 03:15:02.320186+00:00
369,freetalker_llm,1,2025-11-03 02:57:37.038934+00:00,2025-11-03 02:57:37.038934+00:00
370,freetalker_llm,1,2025-11-03 02:58:08.228193+00:00,2025-11-03 02:58:08.228193+00:00
371,"classifier_llm, answer_generator_llm, observer_llm",3,2025-11-03 02:58:13.438413+00:00,2025-11-03 02:58:22.460485+00:00
372,freetalker_llm,1,2025-11-03 02:58:42.204420+00:00,2025-11-03 02:58:42.204420+00:00
373,freetalker_llm,2,2025-11-03 02:59:20.650469+00:00,2025-11-03 02:59:44.143294+00:00
374,freetalker_llm,1,2025-11-03 02:59:26.735538+00:00,2025-11-03 02:59:26.735538+00:00
375,freetalker_llm,5,2025-11-03 03:01:24.261552+00:00,2025-11-03 03:24:52.295470+00:00
376,freetalker_llm,8,2025-11-03 03:01:47.821459+00:00,2025-11-03 03:03:25.872382+00:00
377,freetalker_llm,2,2025-11-03 03:03:07.916044+00:00,2025-11-03 03:22:05.056763+00:00
378,freetalker_llm,4,2025-11-03 03:03:44.842230+00:00,2025-11-03 03:04:08.890548+00:00
379,"classifier_llm, answer_generator_llm, observer_llm",3,2025-11-03 03:07:07.767602+00:00,2025-11-03 03:07:20.370695+00:00
380,freetalker_llm,6,2025-11-03 03:16:34.985184+00:00,2025-11-03 03:25:52.888315+00:00
381,freetalker_llm,15,2025-11-03 03:17:44.657741+00:00,2025-11-03 03:19:59.936467+00:00
382,freetalker_llm,1,2025-11-03 03:23:57.222959+00:00,2025-11-03 03:23:57.222959+00:00
383,freetalker_llm,1,2025-11-03 03:24:46.731536+00:00,2025-11-03 03:24:46.731536+00:00
384,freetalker_llm,3,2025-11-03 13:25:42.472009+00:00,2025-11-03 13:29:21.200268+00:00
385,freetalker_llm,5,2025-11-03 13:33:06.455273+00:00,2025-11-03 13:34:45.160373+00:00
386,freetalker_llm,5,2025-11-03 14:19:57.447826+00:00,2025-11-03 14:36:26.242747+00:00
387,freetalker_llm,1,2025-11-03 14:30:42.839845+00:00,2025-11-03 14:30:42.839845+00:00
388,freetalker_llm,1,2025-11-03 14:32:39.412148+00:00,2025-11-03 14:32:39.412148+00:00
389,"classifier_llm, answer_generator_llm, observer_llm",3,2025-11-03 14:53:54.297119+00:00,2025-11-03 14:54:03.811170+00:00
390,"classifier_llm, answer_generator_llm, observer_llm",3,2025-11-03 14:54:47.230579+00:00,2025-11-03 14:54:56.080661+00:00
391,freetalker_llm,19,2025-11-04 02:51:10.814265+00:00,2025-11-04 03:06:22.983531+00:00
392,"classifier_llm, answer_generator_llm, observer_llm",3,2025-11-04 02:54:32.616509+00:00,2025-11-04 02:54:39.519225+00:00
393,"classifier_llm, answer_generator_llm, observer_llm",3,2025-11-04 02:55:51.826347+00:00,2025-11-04 02:56:03.798020+00:00
394,freetalker_llm,1,2025-11-04 02:56:33.930998+00:00,2025-11-04 02:56:33.930998+00:00
395,"classifier_llm, answer_generator_llm, observer_llm",3,2025-11-04 02:56:34.156022+00:00,2025-11-04 02:56:39.720969+00:00
396,"classifier_llm, answer_generator_llm, observer_llm",3,2025-11-04 02:57:09.568362+00:00,2025-11-04 02:57:16.737768+00:00
397,"classifier_llm, answer_generator_llm, observer_llm",3,2025-11-04 02:57:43.214980+00:00,2025-11-04 02:57:50.141052+00:00
398,freetalker_llm,1,2025-11-04 02:58:11.338480+00:00,2025-11-04 02:58:11.338480+00:00
399,"classifier_llm, answer_generator_llm, observer_llm",3,2025-11-04 02:58:12.065567+00:00,2025-11-04 02:58:18.957033+00:00
400,"classifier_llm, answer_generator_llm, observer_llm",3,2025-11-04 02:58:23.445955+00:00,2025-11-04 02:58:30.663894+00:00
401,"classifier_llm, answer_generator_llm, observer_llm",6,2025-11-04 02:59:27.683901+00:00,2025-11-04 03:00:38.087650+00:00
402,freetalker_llm,1,2025-11-04 02:59:45.929940+00:00,2025-11-04 02:59:45.929940+00:00
403,freetalker_llm,1,2025-11-04 03:03:41.158569+00:00,2025-11-04 03:03:41.158569+00:00
404,freetalker_llm,2,2025-11-04 03:07:00.523702+00:00,2025-11-04 03:15:21.525315+00:00
405,"classifier_llm, answer_generator_llm, observer_llm",3,2025-11-04 03:08:50.739892+00:00,2025-11-04 03:08:58.760667+00:00
406,"classifier_llm, answer_generator_llm, observer_llm",3,2025-11-04 03:11:51.255009+00:00,2025-11-04 03:11:54.178862+00:00
407,"classifier_llm, answer_generator_llm, observer_llm",6,2025-11-04 03:13:09.274615+00:00,2025-11-04 03:13:49.552935+00:00
408,freetalker_llm,3,2025-11-04 03:15:10.890306+00:00,2025-11-04 03:18:10.704362+00:00
409,"classifier_llm, answer_generator_llm, observer_llm",3,2025-11-04 03:16:33.032772+00:00,2025-11-04 03:16:40.506932+00:00
410,freetalker_llm,4,2025-11-04 04:27:57.258662+00:00,2025-11-04 04:37:18.819586+00:00
411,freetalker_llm,3,2025-11-04 04:29:21.054049+00:00,2025-11-04 04:32:22.265845+00:00
412,freetalker_llm,9,2025-11-04 04:35:41.497623+00:00,2025-11-10 02:08:49.391581+00:00
413,freetalker_llm,1,2025-11-04 04:37:35.739563+00:00,2025-11-04 04:37:35.739563+00:00
414,"classifier_llm, answer_generator_llm, observer_llm",9,2025-11-04 04:41:00.805955+00:00,2025-11-04 04:45:59.084287+00:00
415,freetalker_llm,2,2025-11-04 04:45:50.204178+00:00,2025-11-04 05:21:41.049410+00:00
416,freetalker_llm,4,2025-11-04 05:35:10.777183+00:00,2025-11-04 05:42:13.315563+00:00
417,"classifier_llm, answer_generator_llm, observer_llm",3,2025-11-04 07:55:19.881091+00:00,2025-11-04 07:55:27.617249+00:00
418,"classifier_llm, answer_generator_llm, observer_llm",3,2025-11-04 08:02:44.871767+00:00,2025-11-04 08:02:56.818149+00:00
419,"classifier_llm, answer_generator_llm, observer_llm",3,2025-11-04 08:10:16.005244+00:00,2025-11-04 08:10:24.198857+00:00
420,freetalker_llm,1,2025-11-04 10:47:14.313140+00:00,2025-11-04 10:47:14.313140+00:00
421,"classifier_llm, answer_generator_llm, observer_llm",9,2025-11-04 10:53:04.821972+00:00,2025-11-04 10:55:27.577035+00:00
422,freetalker_llm,4,2025-11-04 11:08:27.658389+00:00,2025-11-04 11:32:08.861552+00:00
423,freetalker_llm,8,2025-11-04 13:21:15.195518+00:00,2025-11-04 13:31:08.473138+00:00
424,freetalker_llm,1,2025-11-04 14:11:41.127993+00:00,2025-11-04 14:11:41.127993+00:00
425,freetalker_llm,2,2025-11-04 14:28:14.040425+00:00,2025-11-04 14:30:00.162890+00:00
426,freetalker_llm,2,2025-11-04 14:42:52.175420+00:00,2025-11-04 14:54:22.257289+00:00
427,freetalker_llm,1,2025-11-04 14:56:03.258552+00:00,2025-11-04 14:56:03.258552+00:00
428,freetalker_llm,2,2025-11-04 15:00:00.135381+00:00,2025-11-04 15:04:44.842386+00:00
429,freetalker_llm,1,2025-11-04 15:15:04.341071+00:00,2025-11-04 15:15:04.341071+00:00
430,"classifier_llm, answer_generator_llm, observer_llm",3,2025-11-04 20:39:11.623900+00:00,2025-11-04 20:39:18.922631+00:00
431,"classifier_llm, answer_generator_llm, observer_llm",3,2025-11-04 20:58:42.285788+00:00,2025-11-04 20:58:51.288018+00:00
432,freetalker_llm,1,2025-11-04 23:04:07.917177+00:00,2025-11-04 23:04:07.917177+00:00
433,freetalker_llm,2,2025-11-04 23:04:40.661108+00:00,2025-11-04 23:05:38.988558+00:00
434,freetalker_llm,1,2025-11-04 23:06:13.854175+00:00,2025-11-04 23:06:13.854175+00:00
435,freetalker_llm,1,2025-11-04 23:06:40.463610+00:00,2025-11-04 23:06:40.463610+00:00
436,freetalker_llm,1,2025-11-05 01:47:38.587009+00:00,2025-11-05 01:47:38.587009+00:00
437,freetalker_llm,1,2025-11-05 01:53:38.979398+00:00,2025-11-05 01:53:38.979398+00:00
438,freetalker_llm,2,2025-11-05 02:03:14.289468+00:00,2025-11-05 02:19:07.716876+00:00
439,"classifier_llm, answer_generator_llm, observer_llm",6,2025-11-05 02:16:26.935740+00:00,2025-11-05 02:17:26.528274+00:00
440,freetalker_llm,6,2025-11-05 02:35:54.173459+00:00,2025-11-05 05:14:00.981647+00:00
441,"classifier_llm, answer_generator_llm, observer_llm",3,2025-11-05 03:55:14.649012+00:00,2025-11-05 03:55:29.430764+00:00
442,freetalker_llm,3,2025-11-05 04:35:14.277545+00:00,2025-11-05 04:41:27.320917+00:00
443,freetalker_llm,5,2025-11-05 04:35:19.090869+00:00,2025-11-05 04:36:48.430751+00:00
444,freetalker_llm,4,2025-11-05 04:43:22.042201+00:00,2025-11-05 04:53:34.246419+00:00
445,freetalker_llm,2,2025-11-05 04:43:25.756261+00:00,2025-11-05 04:45:34.676044+00:00
446,"classifier_llm, answer_generator_llm, observer_llm",3,2025-11-05 04:44:17.092256+00:00,2025-11-05 04:44:24.406178+00:00
447,"classifier_llm, answer_generator_llm, observer_llm",4,2025-11-05 04:57:43.983852+00:00,2025-11-05 05:00:02.312173+00:00
448,"classifier_llm, answer_generator_llm, observer_llm",4,2025-11-05 05:01:50.975578+00:00,2025-11-05 05:02:26.081822+00:00
449,"classifier_llm, answer_generator_llm, observer_llm",6,2025-11-05 05:04:26.882804+00:00,2025-11-05 05:06:41.901980+00:00
450,freetalker_llm,2,2025-11-05 14:22:15.626699+00:00,2025-11-05 14:45:15.675818+00:00
451,classifier_llm,1,2025-11-06 01:41:52.728163+00:00,2025-11-06 01:41:52.728163+00:00
452,classifier_llm,1,2025-11-06 01:42:36.247663+00:00,2025-11-06 01:42:36.247663+00:00
453,freetalker_llm,1,2025-11-06 01:50:38.906620+00:00,2025-11-06 01:50:38.906620+00:00
454,"classifier_llm, answer_generator_llm, observer_llm",6,2025-11-06 01:50:47.613420+00:00,2025-11-06 01:51:45.403308+00:00
455,freetalker_llm,2,2025-11-06 01:59:32.365082+00:00,2025-11-06 01:59:38.218082+00:00
456,freetalker_llm,1,2025-11-06 02:01:02.312424+00:00,2025-11-06 02:01:02.312424+00:00
457,freetalker_llm,1,2025-11-06 02:06:54.439427+00:00,2025-11-06 02:06:54.439427+00:00
458,"classifier_llm, answer_generator_llm, observer_llm",3,2025-11-06 02:46:24.423796+00:00,2025-11-06 02:46:29.575174+00:00
459,"classifier_llm, answer_generator_llm, observer_llm",3,2025-11-06 02:52:22.470089+00:00,2025-11-06 02:52:29.720275+00:00
460,freetalker_llm,1,2025-11-06 03:24:36.019991+00:00,2025-11-06 03:24:36.019991+00:00
461,freetalker_llm,1,2025-11-06 06:10:47.533164+00:00,2025-11-06 06:10:47.533164+00:00
462,"classifier_llm, answer_generator_llm, observer_llm",3,2025-11-06 06:26:54.682832+00:00,2025-11-06 06:27:00.302758+00:00
463,"classifier_llm, answer_generator_llm, observer_llm",3,2025-11-06 06:27:56.717257+00:00,2025-11-06 06:28:04.864045+00:00
464,"classifier_llm, answer_generator_llm, observer_llm",6,2025-11-06 06:36:20.301848+00:00,2025-11-06 06:37:32.839781+00:00
465,"classifier_llm, answer_generator_llm, observer_llm",3,2025-11-06 06:36:32.380032+00:00,2025-11-06 06:36:41.144367+00:00
466,freetalker_llm,1,2025-11-06 06:37:29.157964+00:00,2025-11-06 06:37:29.157964+00:00
467,"classifier_llm, answer_generator_llm, observer_llm",3,2025-11-06 06:39:16.713368+00:00,2025-11-06 06:39:37.614917+00:00
468,"classifier_llm, answer_generator_llm, observer_llm",4,2025-11-06 07:06:31.338208+00:00,2025-11-06 07:08:01.439395+00:00
469,freetalker_llm,1,2025-11-06 09:42:59.116593+00:00,2025-11-06 09:42:59.116593+00:00
470,freetalker_llm,4,2025-11-06 23:22:12.459852+00:00,2025-11-06 23:23:42.920608+00:00
471,freetalker_llm,1,2025-11-07 01:53:03.010792+00:00,2025-11-07 01:53:03.010792+00:00
472,"classifier_llm, answer_generator_llm, observer_llm",3,2025-11-07 01:54:06.379062+00:00,2025-11-07 01:54:45.925036+00:00
473,freetalker_llm,1,2025-11-07 01:54:17.907443+00:00,2025-11-07 01:54:17.907443+00:00
474,"classifier_llm, answer_generator_llm, observer_llm",3,2025-11-07 01:54:37.766983+00:00,2025-11-07 01:54:47.545728+00:00
475,freetalker_llm,2,2025-11-07 01:57:08.742553+00:00,2025-11-07 01:57:54.731226+00:00
476,freetalker_llm,2,2025-11-07 01:57:30.818368+00:00,2025-11-07 02:20:17.019616+00:00
477,"classifier_llm, answer_generator_llm, observer_llm",5,2025-11-07 01:57:52.960458+00:00,2025-11-07 02:00:04.033433+00:00
478,freetalker_llm,1,2025-11-07 01:59:21.095555+00:00,2025-11-07 01:59:21.095555+00:00
479,"classifier_llm, answer_generator_llm, observer_llm",3,2025-11-07 02:02:00.864641+00:00,2025-11-07 02:02:08.034805+00:00
480,freetalker_llm,3,2025-11-07 02:02:51.176892+00:00,2025-11-07 02:20:42.478863+00:00
481,"classifier_llm, answer_generator_llm, observer_llm",3,2025-11-07 02:15:19.579780+00:00,2025-11-07 02:15:25.671366+00:00
482,freetalker_llm,3,2025-11-07 02:45:26.539701+00:00,2025-11-07 02:54:45.582225+00:00
483,freetalker_llm,4,2025-11-07 02:48:45.609742+00:00,2025-11-07 02:53:53.310916+00:00
484,"classifier_llm, answer_generator_llm, observer_llm",6,2025-11-07 02:50:20.463546+00:00,2025-11-07 02:52:54.598705+00:00
485,"classifier_llm, answer_generator_llm, observer_llm",3,2025-11-07 03:02:06.111527+00:00,2025-11-07 03:02:11.255096+00:00
486,"classifier_llm, answer_generator_llm, observer_llm",6,2025-11-07 03:07:44.017796+00:00,2025-11-07 03:08:49.945076+00:00
487,"classifier_llm, answer_generator_llm, observer_llm",6,2025-11-07 03:09:46.576377+00:00,2025-11-07 03:10:59.685134+00:00
488,"classifier_llm, answer_generator_llm, observer_llm",3,2025-11-07 09:37:08.434559+00:00,2025-11-07 09:37:14.852404+00:00
489,freetalker_llm,4,2025-11-07 13:45:13.214671+00:00,2025-11-07 13:53:24.381742+00:00
490,freetalker_llm,1,2025-11-08 08:32:21.802435+00:00,2025-11-08 08:32:21.802435+00:00
491,freetalker_llm,1,2025-11-08 08:32:52.184159+00:00,2025-11-08 08:32:52.184159+00:00
492,"classifier_llm, answer_generator_llm, observer_llm",15,2025-11-09 09:36:25.572605+00:00,2025-11-09 11:24:56.581399+00:00
493,"classifier_llm, answer_generator_llm, observer_llm",9,2025-11-09 12:21:01.648428+00:00,2025-11-09 12:28:55.354311+00:00
494,freetalker_llm,3,2025-11-09 13:35:48.448039+00:00,2025-11-09 13:36:22.804415+00:00
495,freetalker_llm,3,2025-11-09 13:43:51.135389+00:00,2025-11-09 14:23:07.985784+00:00
496,freetalker_llm,3,2025-11-09 15:52:32.981364+00:00,2025-11-09 15:52:47.718564+00:00
497,freetalker_llm,2,2025-11-09 15:53:30.066342+00:00,2025-11-09 15:53:35.396015+00:00
498,freetalker_llm,5,2025-11-09 23:28:10.007074+00:00,2025-11-09 23:49:02.608181+00:00
499,freetalker_llm,1,2025-11-09 23:45:40.208388+00:00,2025-11-09 23:45:40.208388+00:00
500,"classifier_llm, answer_generator_llm, observer_llm",3,2025-11-09 23:51:46.963268+00:00,2025-11-09 23:51:51.851348+00:00
501,"classifier_llm, answer_generator_llm, observer_llm",6,2025-11-09 23:59:50.250830+00:00,2025-11-10 00:07:08.576879+00:00
502,"classifier_llm, answer_generator_llm, observer_llm",3,2025-11-10 00:07:55.711827+00:00,2025-11-10 00:08:03.849363+00:00
503,freetalker_llm,2,2025-11-10 00:29:24.838896+00:00,2025-11-10 00:30:31.821804+00:00
504,freetalker_llm,4,2025-11-10 01:45:12.958776+00:00,2025-11-10 01:51:01.898872+00:00
505,"classifier_llm, answer_generator_llm, observer_llm",3,2025-11-10 01:49:41.387358+00:00,2025-11-10 01:49:50.051088+00:00
506,freetalker_llm,1,2025-11-10 01:52:37.342498+00:00,2025-11-10 01:52:37.342498+00:00
507,"classifier_llm, answer_generator_llm, observer_llm",3,2025-11-10 01:53:07.051661+00:00,2025-11-10 01:53:12.741825+00:00
508,"classifier_llm, answer_generator_llm, observer_llm",3,2025-11-10 01:55:44.983055+00:00,2025-11-10 01:55:50.482472+00:00
509,freetalker_llm,2,2025-11-10 01:58:49.011102+00:00,2025-11-10 01:59:33.850169+00:00
510,"classifier_llm, answer_generator_llm, observer_llm",3,2025-11-10 02:01:57.370566+00:00,2025-11-10 02:02:03.065910+00:00
511,freetalker_llm,2,2025-11-10 02:06:16.920572+00:00,2025-11-10 02:07:07.085501+00:00
512,"classifier_llm, answer_generator_llm, observer_llm",3,2025-11-10 02:13:02.740291+00:00,2025-11-10 02:13:08.178991+00:00
513,freetalker_llm,3,2025-11-10 02:14:08.394003+00:00,2025-11-10 02:15:28.959076+00:00
514,freetalker_llm,1,2025-11-10 02:14:51.051069+00:00,2025-11-10 02:14:51.051069+00:00
515,"classifier_llm, answer_generator_llm, observer_llm",3,2025-11-10 02:50:19.092061+00:00,2025-11-10 02:50:24.096025+00:00
516,freetalker_llm,1,2025-11-10 03:06:27.558386+00:00,2025-11-10 03:06:27.558386+00:00
517,freetalker_llm,1,2025-11-10 03:10:50.236336+00:00,2025-11-10 03:10:50.236336+00:00
518,"classifier_llm, answer_generator_llm, observer_llm",3,2025-11-10 03:14:04.319197+00:00,2025-11-10 03:14:09.879013+00:00
519,"classifier_llm, answer_generator_llm, observer_llm",3,2025-11-10 03:16:17.776843+00:00,2025-11-10 03:16:23.331302+00:00
520,freetalker_llm,1,2025-11-10 03:25:36.312200+00:00,2025-11-10 03:25:36.312200+00:00
521,"classifier_llm, answer_generator_llm, observer_llm",3,2025-11-11 02:51:34.247075+00:00,2025-11-11 02:51:40.785867+00:00
522,"classifier_llm, answer_generator_llm, observer_llm",12,2025-11-11 10:29:06.219494+00:00,2025-11-11 11:14:04.378401+00:00
523,"classifier_llm, answer_generator_llm, observer_llm",3,2025-11-11 10:30:50.472853+00:00,2025-11-11 10:30:57.254098+00:00
524,"classifier_llm, answer_generator_llm, observer_llm",3,2025-11-11 11:15:17.632733+00:00,2025-11-11 11:15:30.456709+00:00
525,classifier_llm,2,2025-11-11 11:36:40.540523+00:00,2025-11-11 11:38:26.119726+00:00
526,"classifier_llm, answer_generator_llm, observer_llm",3,2025-11-11 12:34:14.426068+00:00,2025-11-11 12:34:21.724524+00:00
527,"classifier_llm, answer_generator_llm, observer_llm",3,2025-11-11 12:39:38.629109+00:00,2025-11-11 12:39:45.507616+00:00
528,"classifier_llm, answer_generator_llm, observer_llm",3,2025-11-11 12:42:04.364663+00:00,2025-11-11 12:42:11.816780+00:00
529,"classifier_llm, answer_generator_llm, observer_llm",3,2025-11-11 12:44:59.762423+00:00,2025-11-11 12:45:07.541399+00:00
530,freetalker_llm,1,2025-11-11 18:17:04.445716+00:00,2025-11-11 18:17:04.445716+00:00
531,freetalker_llm,4,2025-11-11 18:24:27.230908+00:00,2025-11-11 18:35:29.484227+00:00
532,freetalker_llm,1,2025-11-11 18:25:23.070865+00:00,2025-11-11 18:25:23.070865+00:00
533,freetalker_llm,2,2025-11-11 18:36:03.981305+00:00,2025-11-11 18:36:11.199001+00:00
534,freetalker_llm,1,2025-11-11 18:40:02.427859+00:00,2025-11-11 18:40:02.427859+00:00
535,freetalker_llm,3,2025-11-11 23:12:14.494479+00:00,2025-11-11 23:27:35.984726+00:00
536,freetalker_llm,3,2025-11-12 01:45:16.493184+00:00,2025-11-12 01:46:54.676346+00:00
537,"classifier_llm, answer_generator_llm, observer_llm",9,2025-11-12 02:03:09.765850+00:00,2025-11-12 02:11:54.495923+00:00
538,"classifier_llm, answer_generator_llm, observer_llm",3,2025-11-12 02:10:00.409105+00:00,2025-11-12 02:10:07.124900+00:00
539,freetalker_llm,11,2025-11-12 03:59:21.867085+00:00,2025-11-12 04:11:23.991006+00:00
540,freetalker_llm,4,2025-11-12 04:01:05.191641+00:00,2025-11-12 04:08:35.356972+00:00
541,freetalker_llm,2,2025-11-12 04:38:47.854585+00:00,2025-11-12 04:44:45.755550+00:00
542,"classifier_llm, answer_generator_llm, observer_llm",3,2025-11-12 05:32:21.197563+00:00,2025-11-12 05:32:35.940049+00:00
543,"classifier_llm, answer_generator_llm, observer_llm",8,2025-11-12 06:07:47.701245+00:00,2025-11-12 06:10:26.206512+00:00
544,"classifier_llm, answer_generator_llm, observer_llm",3,2025-11-13 02:51:39.961550+00:00,2025-11-13 02:51:46.118738+00:00
545,"classifier_llm, answer_generator_llm, observer_llm",6,2025-11-13 11:02:49.218684+00:00,2025-11-13 11:07:54.456746+00:00
