session_id,prompt_count,agent_count,first_prompt,last_prompt
0,207,4,2025-10-27 05:39:18.983036+00:00,2025-11-13 11:07:47.262072+00:00
55,12,3,2025-11-03 03:18:22.044839+00:00,2025-11-10 03:01:22.063396+00:00
71,6,1,2025-10-29 04:34:39.908146+00:00,2025-10-29 04:44:34.273337+00:00
78,1,1,2025-10-28 14:42:25.311863+00:00,2025-10-28 14:42:25.311863+00:00
92,1,1,2025-10-30 01:49:26.287371+00:00,2025-10-30 01:49:26.287371+00:00
95,9,3,2025-11-02 23:50:17.521362+00:00,2025-11-02 23:51:52.130743+00:00
125,3,1,2025-10-27 10:04:04.743658+00:00,2025-10-27 10:09:19.784350+00:00
133,15,3,2025-10-27 08:25:08.293640+00:00,2025-10-27 08:49:51.725956+00:00
134,1,1,2025-10-28 00:43:03.351499+00:00,2025-10-28 00:43:03.351499+00:00
137,4,3,2025-10-27 05:48:10.233319+00:00,2025-10-27 06:05:20.205403+00:00
138,1,1,2025-10-27 05:44:39.718484+00:00,2025-10-27 05:44:39.718484+00:00
139,11,1,2025-10-27 07:58:38.397491+00:00,2025-10-27 08:48:09.111845+00:00
140,1,1,2025-10-27 08:57:09.534522+00:00,2025-10-27 08:57:09.534522+00:00
141,3,1,2025-10-27 13:42:11.123244+00:00,2025-10-27 13:52:08.436202+00:00
142,1,1,2025-10-27 13:58:21.410364+00:00,2025-10-27 13:58:21.410364+00:00
143,1,1,2025-10-27 14:07:15.262246+00:00,2025-10-27 14:07:15.262246+00:00
144,1,1,2025-10-27 14:14:23.889969+00:00,2025-10-27 14:14:23.889969+00:00
145,9,3,2025-10-27 16:15:11.390194+00:00,2025-10-27 16:21:36.513131+00:00
146,9,3,2025-10-27 16:20:43.944710+00:00,2025-10-28 05:03:47.105992+00:00
147,7,1,2025-10-27 23:26:26.351853+00:00,2025-10-28 03:10:36.879859+00:00
148,4,1,2025-10-28 02:52:26.600158+00:00,2025-10-28 03:02:05.316935+00:00
149,3,3,2025-10-28 02:53:40.031444+00:00,2025-10-28 02:54:41.881323+00:00
150,6,3,2025-10-28 02:56:19.390099+00:00,2025-10-28 03:00:26.346486+00:00
151,3,1,2025-10-28 02:56:44.588159+00:00,2025-10-28 02:59:41.999247+00:00
152,1,1,2025-10-28 02:57:36.897875+00:00,2025-10-28 02:57:36.897875+00:00
153,1,1,2025-10-28 02:58:15.853293+00:00,2025-10-28 02:58:15.853293+00:00
154,2,1,2025-10-28 02:59:00.044252+00:00,2025-10-28 03:10:10.575964+00:00
155,3,1,2025-10-28 03:02:25.161380+00:00,2025-10-28 03:08:12.604074+00:00
156,5,1,2025-10-28 03:02:41.046138+00:00,2025-10-28 10:57:47.849792+00:00
157,3,3,2025-10-28 03:13:40.163685+00:00,2025-10-28 03:14:32.192686+00:00
158,1,1,2025-10-28 03:18:03.777585+00:00,2025-10-28 03:18:03.777585+00:00
159,11,3,2025-10-28 05:00:56.632663+00:00,2025-10-30 01:48:46.011328+00:00
160,10,3,2025-10-28 05:04:26.969713+00:00,2025-10-28 05:07:39.179719+00:00
161,3,3,2025-10-28 05:05:23.181856+00:00,2025-10-28 05:07:11.459606+00:00
162,4,1,2025-10-28 05:10:53.303027+00:00,2025-10-28 06:42:39.276605+00:00
163,6,1,2025-10-28 06:33:01.081872+00:00,2025-10-28 07:02:47.833642+00:00
164,6,3,2025-10-28 06:40:05.384615+00:00,2025-10-28 06:54:07.672217+00:00
165,1,1,2025-10-28 06:43:23.101152+00:00,2025-10-28 06:43:23.101152+00:00
166,2,1,2025-10-28 06:49:32.703192+00:00,2025-11-04 23:23:50.820186+00:00
167,2,1,2025-10-28 06:54:43.475776+00:00,2025-10-28 07:03:27.003480+00:00
168,2,1,2025-10-28 06:55:08.006711+00:00,2025-10-28 06:55:56.611297+00:00
169,2,1,2025-10-28 07:06:32.490060+00:00,2025-10-28 07:09:57.334895+00:00
170,4,1,2025-10-28 08:10:59.868991+00:00,2025-10-28 10:28:31.426831+00:00
171,3,3,2025-10-28 08:50:17.103890+00:00,2025-10-28 08:51:11.373151+00:00
172,7,3,2025-10-28 10:10:14.360834+00:00,2025-10-28 10:21:56.054443+00:00
173,12,3,2025-10-28 10:16:35.324440+00:00,2025-10-28 10:58:56.357133+00:00
174,3,3,2025-10-28 12:17:46.800358+00:00,2025-10-28 12:18:51.020501+00:00
175,3,1,2025-10-28 14:28:02.028551+00:00,2025-10-28 14:33:32.839802+00:00
176,3,1,2025-10-28 14:37:37.174316+00:00,2025-10-28 14:46:14.827569+00:00
177,1,1,2025-10-28 14:41:53.987835+00:00,2025-10-28 14:41:53.987835+00:00
178,3,1,2025-10-29 01:44:26.765970+00:00,2025-10-29 01:56:28.730561+00:00
179,3,3,2025-10-29 01:45:42.086278+00:00,2025-10-29 01:46:23.248445+00:00
180,3,3,2025-10-29 01:47:18.370932+00:00,2025-10-29 01:48:15.770964+00:00
181,2,2,2025-10-29 01:49:55.684909+00:00,2025-10-29 01:50:23.725135+00:00
182,1,1,2025-10-29 01:53:28.288929+00:00,2025-10-29 01:53:28.288929+00:00
183,2,1,2025-10-29 01:53:53.828465+00:00,2025-10-29 01:57:43.837207+00:00
184,3,3,2025-10-29 01:54:54.696412+00:00,2025-10-29 01:55:26.048070+00:00
185,2,1,2025-10-29 01:55:50.981228+00:00,2025-10-29 01:56:58.798386+00:00
186,1,1,2025-10-29 01:56:28.729471+00:00,2025-10-29 01:56:28.729471+00:00
187,1,1,2025-10-29 01:58:20.862841+00:00,2025-10-29 01:58:20.862841+00:00
188,3,3,2025-10-29 04:23:46.942164+00:00,2025-10-29 04:24:32.167970+00:00
189,3,3,2025-10-29 04:28:38.713876+00:00,2025-10-29 04:29:48.776379+00:00
190,9,3,2025-10-29 04:30:56.509296+00:00,2025-10-29 04:33:55.805179+00:00
191,2,1,2025-10-29 04:32:53.853849+00:00,2025-10-29 04:34:27.698323+00:00
192,1,1,2025-10-29 04:33:58.610028+00:00,2025-10-29 04:33:58.610028+00:00
193,3,1,2025-10-29 04:35:03.864680+00:00,2025-10-29 04:37:16.867051+00:00
194,14,1,2025-10-29 04:35:23.165713+00:00,2025-10-29 04:44:34.249285+00:00
195,1,1,2025-10-29 04:35:23.164565+00:00,2025-10-29 04:35:23.164565+00:00
196,1,1,2025-10-29 04:36:21.658435+00:00,2025-10-29 04:36:21.658435+00:00
197,10,3,2025-10-29 04:36:49.564078+00:00,2025-10-29 04:43:46.207717+00:00
198,2,2,2025-10-29 04:38:33.005247+00:00,2025-10-29 04:39:01.210790+00:00
199,2,1,2025-10-29 04:38:48.913648+00:00,2025-10-29 04:39:31.742109+00:00
200,9,3,2025-10-29 04:39:01.210201+00:00,2025-10-29 08:13:16.430471+00:00
201,1,1,2025-10-29 04:39:31.766563+00:00,2025-10-29 04:39:31.766563+00:00
202,1,1,2025-10-29 04:39:31.764487+00:00,2025-10-29 04:39:31.764487+00:00
203,4,3,2025-10-29 04:40:32.281819+00:00,2025-10-29 04:44:00.845789+00:00
204,2,1,2025-10-29 04:41:58.657164+00:00,2025-10-29 04:44:34.274237+00:00
205,7,3,2025-10-29 04:42:18.308688+00:00,2025-10-29 04:44:59.462569+00:00
206,3,3,2025-10-29 04:43:31.893354+00:00,2025-10-29 04:44:45.873864+00:00
207,3,2,2025-10-29 04:44:59.461193+00:00,2025-10-29 04:46:05.431232+00:00
208,3,3,2025-10-29 04:45:33.603504+00:00,2025-10-29 04:46:12.692037+00:00
209,2,1,2025-10-29 04:46:57.250765+00:00,2025-10-29 04:47:35.822767+00:00
210,3,3,2025-10-29 04:48:45.443573+00:00,2025-10-29 04:49:37.250859+00:00
211,4,1,2025-10-29 04:49:10.479355+00:00,2025-10-29 04:52:13.945185+00:00
212,2,1,2025-10-29 04:49:55.057068+00:00,2025-10-29 04:50:45.225103+00:00
213,4,3,2025-10-29 04:50:39.245037+00:00,2025-10-29 04:57:28.066007+00:00
214,2,1,2025-10-29 04:53:42.402707+00:00,2025-10-29 04:54:04.276498+00:00
215,1,1,2025-10-29 04:56:37.966643+00:00,2025-10-29 04:56:37.966643+00:00
216,1,1,2025-10-29 04:59:27.966865+00:00,2025-10-29 04:59:27.966865+00:00
217,2,1,2025-10-29 05:04:56.346122+00:00,2025-10-29 05:05:21.537757+00:00
218,5,1,2025-10-29 05:06:12.837545+00:00,2025-10-29 05:08:40.973907+00:00
219,8,3,2025-10-29 05:13:37.749398+00:00,2025-10-29 06:15:34.456360+00:00
220,1,1,2025-10-29 08:24:26.752176+00:00,2025-10-29 08:24:26.752176+00:00
221,1,1,2025-10-29 10:23:50.357109+00:00,2025-10-29 10:23:50.357109+00:00
222,2,1,2025-10-29 13:56:47.057519+00:00,2025-10-29 13:59:34.417672+00:00
223,3,3,2025-10-29 14:01:08.772711+00:00,2025-10-29 14:01:17.615638+00:00
224,3,3,2025-10-29 14:06:41.358835+00:00,2025-10-29 14:06:52.163662+00:00
225,3,1,2025-10-29 14:08:31.333079+00:00,2025-10-29 14:11:44.032940+00:00
226,27,3,2025-10-29 14:22:24.423311+00:00,2025-11-10 01:46:25.665369+00:00
227,3,2,2025-10-29 14:23:06.952131+00:00,2025-10-29 14:26:25.255541+00:00
228,3,3,2025-10-29 14:34:54.284343+00:00,2025-10-29 14:35:04.601006+00:00
229,1,1,2025-10-29 14:40:11.277731+00:00,2025-10-29 14:40:11.277731+00:00
230,3,3,2025-10-29 14:41:16.413678+00:00,2025-10-29 14:41:28.180649+00:00
231,8,3,2025-10-30 01:45:10.872969+00:00,2025-10-30 01:51:12.666658+00:00
232,2,1,2025-10-30 01:49:10.490790+00:00,2025-10-30 01:49:38.060498+00:00
233,1,1,2025-10-30 01:49:27.833511+00:00,2025-10-30 01:49:27.833511+00:00
234,3,3,2025-10-30 01:49:30.438058+00:00,2025-10-30 01:49:36.504146+00:00
235,8,1,2025-10-30 01:50:06.076162+00:00,2025-10-30 01:53:36.782343+00:00
236,3,1,2025-10-30 01:51:15.683779+00:00,2025-10-30 01:52:06.065322+00:00
237,6,3,2025-10-30 01:51:16.401220+00:00,2025-10-30 01:53:06.149287+00:00
238,1,1,2025-10-30 01:51:42.749669+00:00,2025-10-30 01:51:42.749669+00:00
239,1,1,2025-10-30 01:51:46.402526+00:00,2025-10-30 01:51:46.402526+00:00
240,3,3,2025-10-30 01:52:13.935575+00:00,2025-10-30 01:52:21.225831+00:00
241,3,1,2025-10-30 01:53:32.831485+00:00,2025-10-30 02:01:59.475361+00:00
242,4,2,2025-10-30 01:53:35.018141+00:00,2025-10-30 01:53:42.882210+00:00
243,1,1,2025-10-30 01:55:50.976720+00:00,2025-10-30 01:55:50.976720+00:00
244,2,1,2025-10-30 01:57:44.087419+00:00,2025-10-30 01:58:13.271264+00:00
245,1,1,2025-10-30 01:58:29.883059+00:00,2025-10-30 01:58:29.883059+00:00
246,3,3,2025-10-30 01:59:44.346321+00:00,2025-10-30 01:59:55.154542+00:00
247,1,1,2025-10-30 01:59:52.273790+00:00,2025-10-30 01:59:52.273790+00:00
248,1,1,2025-10-30 02:00:20.635946+00:00,2025-10-30 02:00:20.635946+00:00
249,6,3,2025-10-30 02:00:23.653040+00:00,2025-10-30 02:07:00.863193+00:00
250,2,1,2025-10-30 02:00:45.348405+00:00,2025-10-30 02:01:01.027629+00:00
251,1,1,2025-10-30 02:00:52.161927+00:00,2025-10-30 02:00:52.161927+00:00
252,3,1,2025-10-30 02:05:18.050434+00:00,2025-11-02 23:45:46.763534+00:00
253,7,1,2025-10-30 02:07:48.309100+00:00,2025-10-30 02:09:32.324497+00:00
254,1,1,2025-10-30 02:08:29.496675+00:00,2025-10-30 02:08:29.496675+00:00
255,7,1,2025-10-30 02:08:50.766884+00:00,2025-10-30 02:10:20.962085+00:00
256,1,1,2025-10-30 02:40:39.706280+00:00,2025-10-30 02:40:39.706280+00:00
257,1,1,2025-10-30 02:43:06.437707+00:00,2025-10-30 02:43:06.437707+00:00
258,3,3,2025-10-30 02:43:31.215858+00:00,2025-10-30 02:43:40.107585+00:00
259,2,1,2025-10-30 02:43:58.723213+00:00,2025-10-30 02:45:40.118661+00:00
260,1,1,2025-10-30 02:45:59.418348+00:00,2025-10-30 02:45:59.418348+00:00
261,1,1,2025-10-30 02:46:45.947504+00:00,2025-10-30 02:46:45.947504+00:00
262,1,1,2025-10-30 02:47:38.303487+00:00,2025-10-30 02:47:38.303487+00:00
263,1,1,2025-10-30 02:48:27.407775+00:00,2025-10-30 02:48:27.407775+00:00
264,3,3,2025-10-30 02:49:33.277381+00:00,2025-10-30 02:49:40.428118+00:00
265,4,1,2025-10-30 02:49:58.102014+00:00,2025-10-30 02:50:37.144231+00:00
266,1,1,2025-10-30 02:50:52.374611+00:00,2025-10-30 02:50:52.374611+00:00
267,3,3,2025-10-30 02:50:54.296416+00:00,2025-10-30 02:51:02.341617+00:00
268,4,3,2025-10-30 02:51:41.383939+00:00,2025-10-30 02:54:58.577556+00:00
269,46,1,2025-10-30 02:52:52.403336+00:00,2025-10-30 03:03:21.985052+00:00
270,4,1,2025-10-30 02:53:07.772424+00:00,2025-10-30 02:55:33.762037+00:00
271,1,1,2025-10-30 02:53:33.094924+00:00,2025-10-30 02:53:33.094924+00:00
272,14,1,2025-10-30 02:53:52.656988+00:00,2025-10-30 02:56:00.413098+00:00
273,6,1,2025-10-30 02:57:02.203811+00:00,2025-10-30 02:58:05.188583+00:00
274,3,3,2025-10-30 02:58:12.643820+00:00,2025-10-30 02:58:19.390156+00:00
275,7,3,2025-10-30 02:59:27.710163+00:00,2025-10-30 03:00:50.290765+00:00
276,2,1,2025-10-30 02:59:32.847291+00:00,2025-10-30 03:00:07.461712+00:00
277,3,1,2025-10-30 03:04:38.055079+00:00,2025-10-30 03:05:13.270336+00:00
278,1,1,2025-10-30 03:04:49.880389+00:00,2025-10-30 03:04:49.880389+00:00
279,1,1,2025-10-30 03:05:38.295262+00:00,2025-10-30 03:05:38.295262+00:00
280,4,1,2025-10-30 03:13:47.098859+00:00,2025-10-30 03:20:27.682126+00:00
281,1,1,2025-10-30 03:17:44.712532+00:00,2025-10-30 03:17:44.712532+00:00
282,3,1,2025-10-30 03:18:50.802373+00:00,2025-10-30 03:29:43.294282+00:00
283,3,3,2025-10-30 03:21:07.588091+00:00,2025-10-30 03:21:17.216650+00:00
284,3,3,2025-10-30 05:55:25.815459+00:00,2025-10-30 05:55:35.331490+00:00
285,3,3,2025-10-30 06:27:49.682174+00:00,2025-10-30 06:27:57.486281+00:00
286,1,1,2025-10-30 06:29:18.630281+00:00,2025-10-30 06:29:18.630281+00:00
287,3,3,2025-10-30 06:29:45.816730+00:00,2025-10-30 06:29:52.590162+00:00
288,3,3,2025-10-30 06:30:48.608238+00:00,2025-10-30 06:30:57.338910+00:00
289,10,3,2025-10-30 06:31:46.909234+00:00,2025-10-30 06:52:03.256784+00:00
290,3,3,2025-10-30 06:31:49.435398+00:00,2025-10-30 06:31:58.724004+00:00
291,6,1,2025-10-30 06:35:31.064217+00:00,2025-10-30 06:45:57.810059+00:00
292,1,1,2025-10-30 06:35:45.928883+00:00,2025-10-30 06:35:45.928883+00:00
293,7,3,2025-10-30 06:37:35.086773+00:00,2025-10-30 06:49:48.191226+00:00
294,2,1,2025-10-30 06:38:15.508052+00:00,2025-10-30 06:38:30.045548+00:00
295,1,1,2025-10-30 06:38:46.996835+00:00,2025-10-30 06:38:46.996835+00:00
296,1,1,2025-10-30 06:39:17.633632+00:00,2025-10-30 06:39:17.633632+00:00
297,3,3,2025-10-30 06:40:26.178843+00:00,2025-10-30 06:40:35.364113+00:00
298,3,3,2025-10-30 06:46:00.364563+00:00,2025-10-30 06:46:12.261286+00:00
299,2,1,2025-10-30 06:46:44.147563+00:00,2025-10-30 06:47:59.517489+00:00
300,3,3,2025-10-30 06:49:12.981891+00:00,2025-10-30 06:49:24.943938+00:00
301,2,1,2025-10-30 06:50:03.497854+00:00,2025-11-03 01:52:41.954957+00:00
302,3,1,2025-10-30 06:53:48.307543+00:00,2025-10-30 07:07:38.786326+00:00
303,3,3,2025-10-30 06:54:06.769373+00:00,2025-10-30 06:54:19.896016+00:00
304,1,1,2025-10-30 06:58:53.286537+00:00,2025-10-30 06:58:53.286537+00:00
305,3,3,2025-10-30 07:02:14.541889+00:00,2025-10-30 07:02:23.804116+00:00
306,2,1,2025-10-31 08:46:10.249140+00:00,2025-10-31 08:46:58.064348+00:00
307,4,1,2025-10-31 09:23:51.311063+00:00,2025-10-31 09:29:14.846296+00:00
308,2,1,2025-10-31 13:17:52.315010+00:00,2025-10-31 13:18:03.671157+00:00
309,3,1,2025-11-01 06:03:08.244501+00:00,2025-11-01 06:12:54.330122+00:00
310,6,3,2025-11-01 15:41:20.938607+00:00,2025-11-01 15:42:45.578404+00:00
311,9,3,2025-11-01 15:43:12.352821+00:00,2025-11-01 15:47:53.848781+00:00
312,1,1,2025-11-02 03:58:40.087819+00:00,2025-11-02 03:58:40.087819+00:00
313,1,1,2025-11-02 08:07:11.343705+00:00,2025-11-02 08:07:11.343705+00:00
314,6,3,2025-11-02 10:29:49.915847+00:00,2025-11-02 10:34:09.380596+00:00
315,4,1,2025-11-02 11:37:14.702067+00:00,2025-11-02 12:01:50.411365+00:00
316,2,1,2025-11-02 11:49:11.349179+00:00,2025-11-02 11:49:49.786118+00:00
317,3,3,2025-11-02 15:43:37.859271+00:00,2025-11-02 15:43:46.008795+00:00
318,3,3,2025-11-02 15:44:46.719805+00:00,2025-11-02 15:44:55.015721+00:00
319,3,3,2025-11-02 15:47:02.683005+00:00,2025-11-02 15:47:14.057904+00:00
320,3,3,2025-11-02 15:48:57.540902+00:00,2025-11-02 15:49:05.670735+00:00
321,6,3,2025-11-02 22:58:08.378313+00:00,2025-11-02 22:58:48.059687+00:00
322,5,1,2025-11-02 23:03:04.247223+00:00,2025-11-12 03:54:08.989552+00:00
323,1,1,2025-11-02 23:08:54.925807+00:00,2025-11-02 23:08:54.925807+00:00
324,1,1,2025-11-02 23:20:55.716276+00:00,2025-11-02 23:20:55.716276+00:00
325,4,1,2025-11-02 23:21:00.079680+00:00,2025-11-02 23:26:22.699728+00:00
326,1,1,2025-11-02 23:29:53.015057+00:00,2025-11-02 23:29:53.015057+00:00
327,3,2,2025-11-02 23:43:19.527555+00:00,2025-11-02 23:43:25.683833+00:00
328,1,1,2025-11-02 23:44:24.197817+00:00,2025-11-02 23:44:24.197817+00:00
329,3,3,2025-11-02 23:45:30.816155+00:00,2025-11-02 23:45:36.951350+00:00
330,3,3,2025-11-02 23:46:17.634667+00:00,2025-11-02 23:46:25.285359+00:00
331,1,1,2025-11-02 23:46:22.591044+00:00,2025-11-02 23:46:22.591044+00:00
332,3,3,2025-11-02 23:46:44.176100+00:00,2025-11-02 23:46:50.512504+00:00
333,4,3,2025-11-02 23:50:02.625696+00:00,2025-11-02 23:51:20.211276+00:00
334,2,1,2025-11-02 23:52:08.980568+00:00,2025-11-02 23:53:42.372405+00:00
335,2,1,2025-11-02 23:52:40.365602+00:00,2025-11-02 23:59:39.680570+00:00
336,3,3,2025-11-02 23:53:39.252881+00:00,2025-11-02 23:53:47.729971+00:00
337,3,3,2025-11-03 00:00:43.143142+00:00,2025-11-03 00:00:49.117805+00:00
338,6,3,2025-11-03 00:01:12.592144+00:00,2025-11-06 02:09:09.076626+00:00
339,3,3,2025-11-03 00:01:54.058559+00:00,2025-11-03 00:02:03.329642+00:00
340,1,1,2025-11-03 01:46:03.327809+00:00,2025-11-03 01:46:03.327809+00:00
341,3,3,2025-11-03 01:49:12.325729+00:00,2025-11-03 01:49:20.106807+00:00
342,1,1,2025-11-03 01:49:18.879351+00:00,2025-11-03 01:49:18.879351+00:00
343,3,3,2025-11-03 01:49:30.978075+00:00,2025-11-03 01:49:36.680176+00:00
344,5,1,2025-11-03 01:50:07.594461+00:00,2025-11-03 01:54:53.473809+00:00
345,6,1,2025-11-03 01:51:12.579879+00:00,2025-11-03 01:59:43.731000+00:00
346,7,3,2025-11-03 01:51:29.670248+00:00,2025-11-03 02:00:34.047622+00:00
347,1,1,2025-11-03 01:54:21.931290+00:00,2025-11-03 01:54:21.931290+00:00
348,2,1,2025-11-03 01:54:31.623973+00:00,2025-11-03 01:54:53.450577+00:00
349,5,1,2025-11-03 01:55:51.588120+00:00,2025-11-03 01:59:31.458651+00:00
350,3,1,2025-11-03 01:59:12.089731+00:00,2025-11-03 02:04:16.558699+00:00
351,2,1,2025-11-03 02:00:33.038947+00:00,2025-11-03 02:00:40.655122+00:00
352,3,3,2025-11-03 02:03:33.973337+00:00,2025-11-03 02:03:49.573213+00:00
353,2,1,2025-11-03 02:03:54.303739+00:00,2025-11-03 02:09:01.128304+00:00
354,3,3,2025-11-03 02:04:27.659616+00:00,2025-11-03 02:04:35.673870+00:00
355,3,3,2025-11-03 02:06:08.754058+00:00,2025-11-03 02:06:18.505759+00:00
356,6,3,2025-11-03 02:07:06.779183+00:00,2025-11-03 02:07:52.843921+00:00
357,1,1,2025-11-03 02:07:11.034682+00:00,2025-11-03 02:07:11.034682+00:00
358,1,1,2025-11-03 02:07:19.933895+00:00,2025-11-03 02:07:19.933895+00:00
359,6,3,2025-11-03 02:08:02.074450+00:00,2025-11-03 02:08:33.591646+00:00
360,6,3,2025-11-03 02:08:45.170477+00:00,2025-11-03 02:09:23.978095+00:00
361,6,3,2025-11-03 02:12:58.758792+00:00,2025-11-03 02:14:14.830869+00:00
362,6,3,2025-11-03 02:47:58.915852+00:00,2025-11-03 02:55:13.147279+00:00
363,1,1,2025-11-03 02:50:17.630967+00:00,2025-11-03 02:50:17.630967+00:00
364,4,3,2025-11-03 02:50:22.737060+00:00,2025-11-03 02:55:50.228599+00:00
365,3,1,2025-11-03 02:50:48.295795+00:00,2025-11-03 02:58:14.702855+00:00
366,1,1,2025-11-03 02:54:42.934477+00:00,2025-11-03 02:54:42.934477+00:00
367,4,1,2025-11-03 02:56:24.034429+00:00,2025-11-03 02:58:48.476415+00:00
368,2,1,2025-11-03 02:56:35.452311+00:00,2025-11-03 03:14:54.359864+00:00
369,1,1,2025-11-03 02:57:34.737518+00:00,2025-11-03 02:57:34.737518+00:00
370,1,1,2025-11-03 02:57:56.849583+00:00,2025-11-03 02:57:56.849583+00:00
371,3,3,2025-11-03 02:58:11.135958+00:00,2025-11-03 02:58:20.937816+00:00
372,1,1,2025-11-03 02:58:38.769883+00:00,2025-11-03 02:58:38.769883+00:00
373,2,1,2025-11-03 02:59:14.231405+00:00,2025-11-03 02:59:43.343477+00:00
374,1,1,2025-11-03 02:59:20.683425+00:00,2025-11-03 02:59:20.683425+00:00
375,5,1,2025-11-03 03:01:18.423656+00:00,2025-11-03 03:24:46.767794+00:00
376,8,1,2025-11-03 03:01:45.625072+00:00,2025-11-03 03:03:24.815820+00:00
377,2,1,2025-11-03 03:03:03.015171+00:00,2025-11-03 03:21:58.228534+00:00
378,4,1,2025-11-03 03:03:43.183558+00:00,2025-11-03 03:04:06.232468+00:00
379,3,3,2025-11-03 03:07:05.766834+00:00,2025-11-03 03:07:18.445783+00:00
380,6,1,2025-11-03 03:16:30.147999+00:00,2025-11-03 03:25:49.094227+00:00
381,15,1,2025-11-03 03:17:43.723856+00:00,2025-11-03 03:19:58.670804+00:00
382,1,1,2025-11-03 03:23:49.374571+00:00,2025-11-03 03:23:49.374571+00:00
383,1,1,2025-11-03 03:24:39.721571+00:00,2025-11-03 03:24:39.721571+00:00
384,3,1,2025-11-03 13:25:32.743358+00:00,2025-11-03 13:29:18.793314+00:00
385,5,1,2025-11-03 13:32:50.232902+00:00,2025-11-03 13:34:41.120035+00:00
386,5,1,2025-11-03 14:19:53.733839+00:00,2025-11-03 14:36:22.994554+00:00
387,1,1,2025-11-03 14:30:39.584442+00:00,2025-11-03 14:30:39.584442+00:00
388,1,1,2025-11-03 14:32:33.846097+00:00,2025-11-03 14:32:33.846097+00:00
389,3,3,2025-11-03 14:53:51.879839+00:00,2025-11-03 14:54:02.343432+00:00
390,3,3,2025-11-03 14:54:44.806846+00:00,2025-11-03 14:54:53.946112+00:00
391,19,1,2025-11-04 02:51:08.411370+00:00,2025-11-04 03:06:21.284507+00:00
392,3,3,2025-11-04 02:54:30.847401+00:00,2025-11-04 02:54:37.853519+00:00
393,3,3,2025-11-04 02:55:49.171203+00:00,2025-11-04 02:56:01.934997+00:00
394,1,1,2025-11-04 02:56:31.617346+00:00,2025-11-04 02:56:31.617346+00:00
395,3,3,2025-11-04 02:56:31.638242+00:00,2025-11-04 02:56:38.495915+00:00
396,3,3,2025-11-04 02:57:07.036093+00:00,2025-11-04 02:57:15.189059+00:00
397,3,3,2025-11-04 02:57:41.467250+00:00,2025-11-04 02:57:48.472511+00:00
398,1,1,2025-11-04 02:58:08.530806+00:00,2025-11-04 02:58:08.530806+00:00
399,3,3,2025-11-04 02:58:09.769383+00:00,2025-11-04 02:58:17.224410+00:00
400,3,3,2025-11-04 02:58:21.373227+00:00,2025-11-04 02:58:28.800697+00:00
401,6,3,2025-11-04 02:59:26.135954+00:00,2025-11-04 03:00:36.242469+00:00
402,1,1,2025-11-04 02:59:44.409998+00:00,2025-11-04 02:59:44.409998+00:00
403,1,1,2025-11-04 03:03:39.776138+00:00,2025-11-04 03:03:39.776138+00:00
404,2,1,2025-11-04 03:06:55.738188+00:00,2025-11-04 03:15:10.923146+00:00
405,3,3,2025-11-04 03:08:48.396446+00:00,2025-11-04 03:08:57.252072+00:00
406,3,3,2025-11-04 03:11:49.930738+00:00,2025-11-04 03:11:53.017931+00:00
407,6,3,2025-11-04 03:13:06.622478+00:00,2025-11-04 03:13:47.773125+00:00
408,3,1,2025-11-04 03:15:05.634012+00:00,2025-11-04 03:18:09.171301+00:00
409,3,3,2025-11-04 03:16:30.673413+00:00,2025-11-04 03:16:38.952344+00:00
410,4,1,2025-11-04 04:27:50.053991+00:00,2025-11-04 04:37:13.091198+00:00
411,3,1,2025-11-04 04:29:17.696250+00:00,2025-11-04 04:32:20.039485+00:00
412,9,1,2025-11-04 04:35:36.761028+00:00,2025-11-10 02:08:46.032113+00:00
413,1,1,2025-11-04 04:37:33.484071+00:00,2025-11-04 04:37:33.484071+00:00
414,9,3,2025-11-04 04:40:58.320173+00:00,2025-11-04 04:45:57.357776+00:00
415,2,1,2025-11-04 04:45:45.446802+00:00,2025-11-04 05:21:37.596046+00:00
416,4,1,2025-11-04 05:35:05.319975+00:00,2025-11-04 05:42:08.377823+00:00
417,3,3,2025-11-04 07:55:17.489804+00:00,2025-11-04 07:55:25.505816+00:00
418,3,3,2025-11-04 08:02:42.818681+00:00,2025-11-04 08:02:54.780177+00:00
419,3,3,2025-11-04 08:10:13.520864+00:00,2025-11-04 08:10:22.422312+00:00
420,1,1,2025-11-04 10:47:11.399299+00:00,2025-11-04 10:47:11.399299+00:00
421,9,3,2025-11-04 10:53:02.006397+00:00,2025-11-04 10:55:25.827030+00:00
422,4,1,2025-11-04 11:08:24.811258+00:00,2025-11-04 11:32:05.780545+00:00
423,8,1,2025-11-04 13:21:08.436446+00:00,2025-11-04 13:30:57.297792+00:00
424,1,1,2025-11-04 14:11:36.365505+00:00,2025-11-04 14:11:36.365505+00:00
425,2,1,2025-11-04 14:28:11.014551+00:00,2025-11-04 14:29:57.053605+00:00
426,2,1,2025-11-04 14:42:48.320494+00:00,2025-11-04 14:54:17.991690+00:00
427,1,1,2025-11-04 14:55:59.834650+00:00,2025-11-04 14:55:59.834650+00:00
428,2,1,2025-11-04 14:59:53.787780+00:00,2025-11-04 15:04:38.366848+00:00
429,1,1,2025-11-04 15:15:00.165874+00:00,2025-11-04 15:15:00.165874+00:00
430,3,3,2025-11-04 20:39:08.811880+00:00,2025-11-04 20:39:17.401999+00:00
431,3,3,2025-11-04 20:58:39.611540+00:00,2025-11-04 20:58:49.719809+00:00
432,1,1,2025-11-04 23:04:03.631654+00:00,2025-11-04 23:04:03.631654+00:00
433,2,1,2025-11-04 23:04:35.656717+00:00,2025-11-04 23:05:36.179403+00:00
434,1,1,2025-11-04 23:06:10.067971+00:00,2025-11-04 23:06:10.067971+00:00
435,1,1,2025-11-04 23:06:37.500180+00:00,2025-11-04 23:06:37.500180+00:00
436,1,1,2025-11-05 01:47:33.848397+00:00,2025-11-05 01:47:33.848397+00:00
437,1,1,2025-11-05 01:53:33.642288+00:00,2025-11-05 01:53:33.642288+00:00
438,2,1,2025-11-05 02:03:11.678569+00:00,2025-11-05 02:19:03.579633+00:00
439,6,3,2025-11-05 02:16:24.046500+00:00,2025-11-05 02:17:24.511370+00:00
440,6,1,2025-11-05 02:35:45.285780+00:00,2025-11-05 05:13:58.950229+00:00
441,3,3,2025-11-05 03:55:11.924689+00:00,2025-11-05 03:55:27.613214+00:00
442,3,1,2025-11-05 04:35:11.405304+00:00,2025-11-05 04:41:24.550853+00:00
443,5,1,2025-11-05 04:35:14.544826+00:00,2025-11-05 04:36:40.837523+00:00
444,4,1,2025-11-05 04:43:19.284194+00:00,2025-11-05 04:53:32.706874+00:00
445,2,1,2025-11-05 04:43:22.074110+00:00,2025-11-05 04:45:32.559368+00:00
446,3,3,2025-11-05 04:44:14.787700+00:00,2025-11-05 04:44:22.668013+00:00
447,4,3,2025-11-05 04:57:41.572256+00:00,2025-11-05 04:59:59.719951+00:00
448,4,3,2025-11-05 05:01:49.112574+00:00,2025-11-05 05:02:23.636616+00:00
449,6,3,2025-11-05 05:04:24.847563+00:00,2025-11-05 05:06:40.282277+00:00
450,2,1,2025-11-05 14:22:08.565798+00:00,2025-11-05 14:45:05.832339+00:00
451,1,1,2025-11-06 01:41:50.316074+00:00,2025-11-06 01:41:50.316074+00:00
452,1,1,2025-11-06 01:42:33.726395+00:00,2025-11-06 01:42:33.726395+00:00
453,1,1,2025-11-06 01:50:36.391432+00:00,2025-11-06 01:50:36.391432+00:00
454,6,3,2025-11-06 01:50:44.922846+00:00,2025-11-06 01:51:43.837914+00:00
455,2,1,2025-11-06 01:59:28.239681+00:00,2025-11-06 01:59:36.026933+00:00
456,1,1,2025-11-06 02:00:56.831486+00:00,2025-11-06 02:00:56.831486+00:00
457,1,1,2025-11-06 02:06:51.047853+00:00,2025-11-06 02:06:51.047853+00:00
458,3,3,2025-11-06 02:46:21.706849+00:00,2025-11-06 02:46:28.192885+00:00
459,3,3,2025-11-06 02:52:20.143686+00:00,2025-11-06 02:52:28.053070+00:00
460,1,1,2025-11-06 03:24:32.797744+00:00,2025-11-06 03:24:32.797744+00:00
461,1,1,2025-11-06 06:10:45.113860+00:00,2025-11-06 06:10:45.113860+00:00
462,3,3,2025-11-06 06:26:52.637121+00:00,2025-11-06 06:26:58.788968+00:00
463,3,3,2025-11-06 06:27:53.520215+00:00,2025-11-06 06:28:03.257546+00:00
464,6,3,2025-11-06 06:36:17.685511+00:00,2025-11-06 06:37:30.923451+00:00
465,3,3,2025-11-06 06:36:29.116991+00:00,2025-11-06 06:36:38.814626+00:00
466,1,1,2025-11-06 06:37:27.034330+00:00,2025-11-06 06:37:27.034330+00:00
467,3,3,2025-11-06 06:39:14.259627+00:00,2025-11-06 06:39:36.037713+00:00
468,4,3,2025-11-06 07:06:28.480486+00:00,2025-11-06 07:07:58.240956+00:00
469,1,1,2025-11-06 09:42:54.149804+00:00,2025-11-06 09:42:54.149804+00:00
470,4,1,2025-11-06 23:22:10.119192+00:00,2025-11-06 23:23:37.891797+00:00
471,1,1,2025-11-07 01:52:59.824863+00:00,2025-11-07 01:52:59.824863+00:00
472,3,3,2025-11-07 01:54:04.536669+00:00,2025-11-07 01:54:43.994627+00:00
473,1,1,2025-11-07 01:54:15.519229+00:00,2025-11-07 01:54:15.519229+00:00
474,3,3,2025-11-07 01:54:35.492460+00:00,2025-11-07 01:54:45.957521+00:00
475,2,1,2025-11-07 01:57:03.574429+00:00,2025-11-07 01:57:48.798172+00:00
476,2,1,2025-11-07 01:57:28.446412+00:00,2025-11-07 02:20:14.875796+00:00
477,5,3,2025-11-07 01:57:50.726264+00:00,2025-11-07 02:00:02.474718+00:00
478,1,1,2025-11-07 01:59:18.515398+00:00,2025-11-07 01:59:18.515398+00:00
479,3,3,2025-11-07 02:01:58.244378+00:00,2025-11-07 02:02:06.093897+00:00
480,3,1,2025-11-07 02:02:48.732246+00:00,2025-11-07 02:20:37.668963+00:00
481,3,3,2025-11-07 02:15:17.669458+00:00,2025-11-07 02:15:23.885575+00:00
482,3,1,2025-11-07 02:45:22.174762+00:00,2025-11-07 02:54:43.805854+00:00
483,4,1,2025-11-07 02:48:43.677219+00:00,2025-11-07 02:53:48.931484+00:00
484,6,3,2025-11-07 02:50:18.445112+00:00,2025-11-07 02:52:52.780280+00:00
485,3,3,2025-11-07 03:02:03.813468+00:00,2025-11-07 03:02:09.761845+00:00
486,6,3,2025-11-07 03:07:42.102685+00:00,2025-11-07 03:08:48.454896+00:00
487,6,3,2025-11-07 03:09:45.190859+00:00,2025-11-07 03:10:58.001262+00:00
488,3,3,2025-11-07 09:37:05.832485+00:00,2025-11-07 09:37:13.229553+00:00
489,4,1,2025-11-07 13:45:10.474758+00:00,2025-11-07 13:53:19.474560+00:00
490,1,1,2025-11-08 08:32:19.606969+00:00,2025-11-08 08:32:19.606969+00:00
491,1,1,2025-11-08 08:32:50.509008+00:00,2025-11-08 08:32:50.509008+00:00
492,15,3,2025-11-09 09:36:22.819008+00:00,2025-11-09 11:24:55.263120+00:00
493,9,3,2025-11-09 12:20:59.455623+00:00,2025-11-09 12:28:53.736441+00:00
494,3,1,2025-11-09 13:35:47.325002+00:00,2025-11-09 13:36:20.279615+00:00
495,3,1,2025-11-09 13:43:49.775649+00:00,2025-11-09 14:23:06.898564+00:00
496,3,1,2025-11-09 15:52:31.913846+00:00,2025-11-09 15:52:45.263740+00:00
497,2,1,2025-11-09 15:53:29.117685+00:00,2025-11-09 15:53:32.082378+00:00
498,5,1,2025-11-09 23:28:09.023782+00:00,2025-11-09 23:49:01.422951+00:00
499,1,1,2025-11-09 23:45:37.804226+00:00,2025-11-09 23:45:37.804226+00:00
500,3,3,2025-11-09 23:51:45.065592+00:00,2025-11-09 23:51:50.296716+00:00
501,6,3,2025-11-09 23:59:48.479273+00:00,2025-11-10 00:07:06.953894+00:00
502,3,3,2025-11-10 00:07:53.880448+00:00,2025-11-10 00:08:02.007078+00:00
503,2,1,2025-11-10 00:29:22.366013+00:00,2025-11-10 00:30:29.605510+00:00
504,4,1,2025-11-10 01:45:11.381909+00:00,2025-11-10 01:50:58.478901+00:00
505,3,3,2025-11-10 01:49:39.053124+00:00,2025-11-10 01:49:48.268225+00:00
506,1,1,2025-11-10 01:52:34.237683+00:00,2025-11-10 01:52:34.237683+00:00
507,3,3,2025-11-10 01:53:04.845442+00:00,2025-11-10 01:53:11.144251+00:00
508,3,3,2025-11-10 01:55:42.971896+00:00,2025-11-10 01:55:48.992486+00:00
509,2,1,2025-11-10 01:58:46.686216+00:00,2025-11-10 01:59:29.403323+00:00
510,3,3,2025-11-10 02:01:54.864064+00:00,2025-11-10 02:02:01.450274+00:00
511,2,1,2025-11-10 02:06:13.922067+00:00,2025-11-10 02:07:05.510379+00:00
512,3,3,2025-11-10 02:13:00.765103+00:00,2025-11-10 02:13:06.633001+00:00
513,3,1,2025-11-10 02:14:06.802218+00:00,2025-11-10 02:15:28.051738+00:00
514,1,1,2025-11-10 02:14:46.781713+00:00,2025-11-10 02:14:46.781713+00:00
515,3,3,2025-11-10 02:50:16.706418+00:00,2025-11-10 02:50:22.460868+00:00
516,1,1,2025-11-10 03:06:22.849941+00:00,2025-11-10 03:06:22.849941+00:00
517,1,1,2025-11-10 03:10:49.281367+00:00,2025-11-10 03:10:49.281367+00:00
518,3,3,2025-11-10 03:14:02.259966+00:00,2025-11-10 03:14:08.505139+00:00
519,3,3,2025-11-10 03:16:16.189446+00:00,2025-11-10 03:16:22.078744+00:00
520,1,1,2025-11-10 03:25:35.372173+00:00,2025-11-10 03:25:35.372173+00:00
521,3,3,2025-11-11 02:51:32.011787+00:00,2025-11-11 02:51:38.980391+00:00
522,12,3,2025-11-11 10:29:04.267220+00:00,2025-11-11 11:14:02.345167+00:00
523,3,3,2025-11-11 10:30:48.303865+00:00,2025-11-11 10:30:55.838788+00:00
524,3,3,2025-11-11 11:15:15.444117+00:00,2025-11-11 11:15:28.616069+00:00
525,2,1,2025-11-11 11:36:37.711681+00:00,2025-11-11 11:38:23.478279+00:00
526,3,3,2025-11-11 12:34:11.690925+00:00,2025-11-11 12:34:19.957660+00:00
527,3,3,2025-11-11 12:39:36.273690+00:00,2025-11-11 12:39:44.223109+00:00
528,3,3,2025-11-11 12:42:02.391861+00:00,2025-11-11 12:42:09.841791+00:00
529,3,3,2025-11-11 12:44:57.356104+00:00,2025-11-11 12:45:05.904102+00:00
530,1,1,2025-11-11 18:17:01.480063+00:00,2025-11-11 18:17:01.480063+00:00
531,4,1,2025-11-11 18:24:22.194904+00:00,2025-11-11 18:35:25.259780+00:00
532,1,1,2025-11-11 18:25:19.451389+00:00,2025-11-11 18:25:19.451389+00:00
533,2,1,2025-11-11 18:36:01.461559+00:00,2025-11-11 18:36:06.569854+00:00
534,1,1,2025-11-11 18:39:59.660471+00:00,2025-11-11 18:39:59.660471+00:00
535,3,1,2025-11-11 23:12:10.934145+00:00,2025-11-11 23:27:31.779270+00:00
536,3,1,2025-11-12 01:45:12.765496+00:00,2025-11-12 01:46:52.524439+00:00
537,9,3,2025-11-12 02:03:07.764420+00:00,2025-11-12 02:11:52.869628+00:00
538,3,3,2025-11-12 02:09:58.346614+00:00,2025-11-12 02:10:05.528177+00:00
539,11,1,2025-11-12 03:59:19.805572+00:00,2025-11-12 04:11:22.621692+00:00
540,4,1,2025-11-12 04:01:01.622893+00:00,2025-11-12 04:08:28.203632+00:00
541,2,1,2025-11-12 04:38:38.502581+00:00,2025-11-12 04:44:42.499509+00:00
542,3,3,2025-11-12 05:32:18.583012+00:00,2025-11-12 05:32:34.240416+00:00
543,8,3,2025-11-12 06:07:45.639778+00:00,2025-11-12 06:10:24.679405+00:00
544,3,3,2025-11-13 02:51:37.597091+00:00,2025-11-13 02:51:44.418710+00:00
545,6,3,2025-11-13 11:02:46.257231+00:00,2025-11-13 11:07:52.593581+00:00
