session_id,A1_math_expertise_concept_accuracy,A1_math_expertise_curriculum_hierarchy,A1_math_expertise_terminology_appropriateness,A1_math_expertise_problem_direction_specificity,A1_math_expertise_total,A2_question_structure_question_singularity,A2_question_structure_condition_completeness,A2_question_structure_sentence_logic,A2_question_structure_intent_clarity,A2_question_structure_total,A3_learning_context_current_stage_description,A3_learning_context_prior_learning_mention,A3_learning_context_difficulty_specification,A3_learning_context_learning_goal_presentation,A3_learning_context_total,B1_learner_customization_level_based_approach,B1_learner_customization_prior_knowledge_connection,B1_learner_customization_difficulty_adjustment,B1_learner_customization_personalized_feedback,B1_learner_customization_total,B2_explanation_systematicity_concept_hierarchy,B2_explanation_systematicity_stepwise_logic,B2_explanation_systematicity_key_emphasis,B2_explanation_systematicity_example_appropriateness,B2_explanation_systematicity_total,B3_learning_expandability_advanced_direction,B3_learning_expandability_application_connection,B3_learning_expandability_misconception_correction,B3_learning_expandability_self_directed_induction,B3_learning_expandability_total,C1_dialogue_coherence_goal_centered_consistency,C1_dialogue_coherence_context_reference,C1_dialogue_coherence_topic_continuity,C1_dialogue_coherence_previous_turn_connection,C1_dialogue_coherence_total,C2_learning_support_thinking_process_induction,C2_learning_support_understanding_check,C2_learning_support_metacognitive_promotion,C2_learning_support_deep_thinking_guidance,C2_learning_support_total,overall_score
37,1.0,0.0,1.0,1.0,3.0,1.0,0.6666666666666666,1.0,1.0,3.6666666666666665,0.0,0.0,0.0,0.0,0.0,1.0,0.3333333333333333,1.0,0.0,2.3333333333333335,1.0,1.0,1.0,1.0,4.0,0.0,0.0,0.0,0.0,0.0,1.0,0.3333333333333333,1.0,0.6666666666666666,3.0,0.0,0.0,0.0,0.3333333333333333,0.3333333333333333,16.333333333333332
40,0.0,0.0,0.0,0.3333333333333333,0.3333333333333333,0.6666666666666666,0.0,0.6666666666666666,0.3333333333333333,1.6666666666666667,0.0,0.0,0.0,0.0,0.0,0.3333333333333333,0.3333333333333333,0.3333333333333333,0.0,1.0,0.6666666666666666,0.6666666666666666,0.6666666666666666,0.6666666666666666,2.6666666666666665,0.6666666666666666,0.6666666666666666,0.0,0.6666666666666666,2.0,0.3333333333333333,0.6666666666666666,0.3333333333333333,0.6666666666666666,2.0,0.0,0.0,0.0,0.0,0.0,9.666666666666666
41,1.0,0.0,1.0,0.6666666666666666,2.6666666666666665,1.0,0.6666666666666666,1.0,1.0,3.6666666666666665,0.0,0.0,0.0,0.0,0.0,1.0,0.0,1.0,0.0,2.0,1.0,1.0,1.0,1.0,4.0,0.0,0.0,0.0,0.0,0.0,1.0,0.3333333333333333,1.0,1.0,3.3333333333333335,0.3333333333333333,0.0,0.0,0.3333333333333333,0.6666666666666666,16.333333333333332
44,0.6666666666666666,0.0,0.6666666666666666,0.0,1.3333333333333333,0.3333333333333333,0.0,0.0,0.0,0.3333333333333333,0.0,0.0,0.0,0.0,0.0,1.0,0.6666666666666666,1.0,0.0,2.6666666666666665,1.0,1.0,1.0,1.0,4.0,1.0,0.0,0.0,0.6666666666666666,1.6666666666666667,0.6666666666666666,0.3333333333333333,0.6666666666666666,0.6666666666666666,2.3333333333333335,0.3333333333333333,0.0,0.0,0.6666666666666666,1.0,13.333333333333334
45,1.0,0.0,1.0,0.6666666666666666,2.6666666666666665,1.0,0.3333333333333333,1.0,1.0,3.3333333333333335,0.0,0.0,0.0,0.0,0.0,1.0,0.3333333333333333,1.0,0.0,2.3333333333333335,1.0,1.0,1.0,1.0,4.0,0.0,0.0,0.3333333333333333,0.0,0.3333333333333333,1.0,0.3333333333333333,1.0,1.0,3.3333333333333335,0.0,0.0,0.0,1.0,1.0,17.0
46,0.6666666666666666,0.0,0.6666666666666666,0.6666666666666666,2.0,1.0,0.6666666666666666,0.6666666666666666,1.0,3.3333333333333335,0.0,0.0,0.0,0.0,0.0,0.3333333333333333,0.0,0.3333333333333333,0.0,0.6666666666666666,0.0,0.0,0.0,0.0,0.0,0.0,0.0,0.0,0.0,0.0,0.6666666666666666,0.0,0.6666666666666666,0.3333333333333333,1.6666666666666667,0.0,0.0,0.0,0.0,0.0,7.666666666666667
47,0.6666666666666666,0.0,1.0,0.3333333333333333,2.0,0.6666666666666666,0.6666666666666666,0.3333333333333333,0.6666666666666666,2.3333333333333335,0.0,0.0,0.0,0.0,0.0,0.3333333333333333,0.0,0.0,0.0,0.3333333333333333,0.0,0.0,0.0,0.0,0.0,0.0,0.0,0.0,0.0,0.0,0.6666666666666666,0.3333333333333333,0.6666666666666666,0.6666666666666666,2.3333333333333335,0.3333333333333333,0.3333333333333333,0.3333333333333333,0.0,1.0,8.0
51,1.0,0.0,1.0,1.0,3.0,1.0,0.6666666666666666,1.0,1.0,3.6666666666666665,0.0,0.0,0.3333333333333333,0.3333333333333333,0.6666666666666666,1.0,0.3333333333333333,1.0,0.0,2.3333333333333335,1.0,1.0,1.0,1.0,4.0,1.0,0.3333333333333333,0.6666666666666666,1.0,3.0,1.0,1.0,1.0,1.0,4.0,0.6666666666666666,0.0,0.0,0.3333333333333333,1.0,21.666666666666668
52,1.0,0.0,1.0,1.0,3.0,1.0,0.6666666666666666,1.0,1.0,3.6666666666666665,0.0,0.0,0.0,0.0,0.0,1.0,0.6666666666666666,1.0,0.0,2.6666666666666665,1.0,1.0,1.0,1.0,4.0,1.0,1.0,0.0,0.3333333333333333,2.3333333333333335,1.0,0.3333333333333333,1.0,1.0,3.3333333333333335,0.3333333333333333,0.0,0.0,1.0,1.3333333333333333,20.333333333333332
53,1.0,0.0,1.0,0.3333333333333333,2.3333333333333335,1.0,0.3333333333333333,0.6666666666666666,0.6666666666666666,2.6666666666666665,0.0,0.0,0.0,0.0,0.0,1.0,0.3333333333333333,0.6666666666666666,0.0,2.0,1.0,1.0,1.0,1.0,4.0,0.3333333333333333,0.6666666666666666,0.0,0.0,1.0,1.0,0.6666666666666666,1.0,1.0,3.6666666666666665,0.3333333333333333,0.0,0.0,0.6666666666666666,1.0,16.666666666666668
57,1.0,0.0,1.0,1.0,3.0,1.0,0.6666666666666666,0.6666666666666666,1.0,3.3333333333333335,0.0,0.0,0.0,0.0,0.0,1.0,0.6666666666666666,0.6666666666666666,0.0,2.3333333333333335,1.0,1.0,1.0,1.0,4.0,1.0,1.0,0.0,0.3333333333333333,2.3333333333333335,1.0,0.3333333333333333,1.0,1.0,3.3333333333333335,0.3333333333333333,0.0,0.0,0.6666666666666666,1.0,19.333333333333332
58,1.0,0.0,1.0,0.6666666666666666,2.6666666666666665,1.0,0.6666666666666666,1.0,1.0,3.6666666666666665,0.0,0.0,0.0,0.3333333333333333,0.3333333333333333,1.0,1.0,1.0,0.0,3.0,1.0,1.0,1.0,1.0,4.0,0.6666666666666666,0.6666666666666666,0.0,0.6666666666666666,2.0,1.0,1.0,1.0,1.0,4.0,0.6666666666666666,0.0,0.0,1.0,1.6666666666666667,21.333333333333332
60,1.0,0.0,1.0,0.3333333333333333,2.3333333333333335,1.0,0.3333333333333333,1.0,1.0,3.3333333333333335,0.0,0.0,0.0,0.0,0.0,1.0,0.3333333333333333,1.0,0.0,2.3333333333333335,1.0,1.0,1.0,1.0,4.0,0.0,0.0,0.0,0.0,0.0,1.0,0.0,1.0,1.0,3.0,0.0,0.0,0.0,0.3333333333333333,0.3333333333333333,15.333333333333334
61,1.0,0.0,1.0,1.0,3.0,1.0,0.6666666666666666,0.3333333333333333,1.0,3.0,0.0,0.0,0.0,0.3333333333333333,0.3333333333333333,1.0,0.3333333333333333,1.0,0.0,2.3333333333333335,1.0,1.0,1.0,1.0,4.0,1.0,0.6666666666666666,0.6666666666666666,0.6666666666666666,3.0,1.0,1.0,1.0,1.0,4.0,1.0,0.0,0.0,1.0,2.0,21.666666666666668
64,0.3333333333333333,0.0,0.3333333333333333,0.3333333333333333,1.0,0.3333333333333333,0.3333333333333333,0.0,0.3333333333333333,1.0,0.0,0.0,0.3333333333333333,0.0,0.3333333333333333,0.3333333333333333,0.3333333333333333,0.3333333333333333,0.0,1.0,0.3333333333333333,0.3333333333333333,0.3333333333333333,0.3333333333333333,1.3333333333333333,0.0,0.0,0.3333333333333333,0.0,0.3333333333333333,0.3333333333333333,0.3333333333333333,0.3333333333333333,0.0,1.0,0.3333333333333333,0.0,0.0,0.3333333333333333,0.6666666666666666,6.666666666666667
65,0.3333333333333333,0.0,0.3333333333333333,0.0,0.6666666666666666,0.0,0.0,0.0,0.0,0.0,0.0,0.0,0.0,0.0,0.0,0.0,0.0,0.0,0.0,0.0,0.0,0.0,0.0,0.0,0.0,0.0,0.0,0.0,0.0,0.0,0.6666666666666666,0.6666666666666666,0.6666666666666666,0.3333333333333333,2.3333333333333335,0.3333333333333333,0.0,0.0,0.0,0.3333333333333333,3.3333333333333335
66,0.0,0.0,0.0,0.0,0.0,1.0,0.3333333333333333,1.0,1.0,3.3333333333333335,0.0,0.0,0.0,0.0,0.0,0.0,0.0,0.0,0.0,0.0,0.0,0.0,0.0,0.0,0.0,0.0,0.0,0.0,0.0,0.0,0.3333333333333333,0.3333333333333333,0.6666666666666666,1.0,2.3333333333333335,0.3333333333333333,0.0,0.0,0.0,0.3333333333333333,6.0
72,0.3333333333333333,0.0,0.3333333333333333,0.3333333333333333,1.0,0.3333333333333333,0.3333333333333333,0.3333333333333333,0.3333333333333333,1.3333333333333333,0.0,0.3333333333333333,0.3333333333333333,0.0,0.6666666666666666,0.6666666666666666,0.3333333333333333,0.3333333333333333,0.0,1.3333333333333333,0.3333333333333333,0.3333333333333333,0.3333333333333333,0.3333333333333333,1.3333333333333333,0.0,0.0,0.3333333333333333,0.3333333333333333,0.6666666666666666,0.3333333333333333,0.3333333333333333,0.6666666666666666,1.0,2.3333333333333335,0.3333333333333333,0.3333333333333333,0.0,0.3333333333333333,1.0,9.666666666666666
74,1.0,0.0,1.0,1.0,3.0,1.0,1.0,1.0,1.0,4.0,0.0,0.0,1.0,0.0,1.0,1.0,0.6666666666666666,1.0,0.6666666666666666,3.3333333333333335,1.0,1.0,1.0,0.6666666666666666,3.6666666666666665,0.0,0.0,1.0,0.3333333333333333,1.3333333333333333,1.0,1.0,1.0,1.0,4.0,1.0,0.3333333333333333,0.3333333333333333,1.0,2.6666666666666665,23.0
79,1.0,0.3333333333333333,1.0,1.0,3.3333333333333335,1.0,1.0,1.0,1.0,4.0,0.0,0.0,0.0,0.3333333333333333,0.3333333333333333,1.0,0.3333333333333333,1.0,0.0,2.3333333333333335,1.0,1.0,1.0,1.0,4.0,0.0,0.0,0.0,0.0,0.0,1.0,0.6666666666666666,1.0,1.0,3.6666666666666665,0.0,0.0,0.0,0.0,0.0,17.666666666666668
81,1.0,0.0,1.0,1.0,3.0,1.0,1.0,1.0,1.0,4.0,0.0,0.0,0.0,0.0,0.0,0.6666666666666666,0.3333333333333333,0.6666666666666666,0.0,1.6666666666666667,1.0,1.0,1.0,1.0,4.0,0.0,0.0,0.0,0.0,0.0,1.0,1.0,1.0,1.0,4.0,0.0,0.0,0.0,0.0,0.0,16.666666666666668
83,0.6666666666666666,0.0,1.0,1.0,2.6666666666666665,1.0,0.6666666666666666,1.0,1.0,3.6666666666666665,0.0,0.0,0.3333333333333333,0.0,0.3333333333333333,1.0,0.6666666666666666,1.0,0.3333333333333333,3.0,1.0,1.0,1.0,1.0,4.0,0.0,0.0,1.0,0.0,1.0,1.0,1.0,0.6666666666666666,1.0,3.6666666666666665,0.6666666666666666,0.0,0.0,0.3333333333333333,1.0,19.333333333333332
91,1.0,0.0,1.0,1.0,3.0,1.0,0.6666666666666666,1.0,1.0,3.6666666666666665,0.0,0.0,0.0,0.0,0.0,1.0,1.0,1.0,0.0,3.0,1.0,1.0,1.0,1.0,4.0,1.0,0.3333333333333333,0.0,0.3333333333333333,1.6666666666666667,1.0,1.0,1.0,1.0,4.0,0.3333333333333333,0.0,0.0,1.0,1.3333333333333333,20.666666666666668
94,1.0,0.0,1.0,0.3333333333333333,2.3333333333333335,1.0,0.6666666666666666,1.0,1.0,3.6666666666666665,0.0,0.0,0.0,0.0,0.0,1.0,0.3333333333333333,1.0,0.0,2.3333333333333335,1.0,1.0,1.0,1.0,4.0,0.0,0.0,0.0,0.0,0.0,1.0,0.3333333333333333,1.0,1.0,3.3333333333333335,0.3333333333333333,0.0,0.0,0.6666666666666666,1.0,16.666666666666668
95,1.0,0.0,1.0,1.0,3.0,1.0,1.0,1.0,1.0,4.0,0.0,0.0,0.0,0.0,0.0,0.6666666666666666,0.6666666666666666,0.6666666666666666,0.6666666666666666,2.6666666666666665,0.6666666666666666,0.6666666666666666,0.6666666666666666,0.6666666666666666,2.6666666666666665,0.0,0.0,0.3333333333333333,0.0,0.3333333333333333,0.3333333333333333,0.3333333333333333,0.3333333333333333,0.3333333333333333,1.3333333333333333,0.3333333333333333,0.0,0.0,0.3333333333333333,0.6666666666666666,14.666666666666666
96,0.6666666666666666,0.0,1.0,0.6666666666666666,2.3333333333333335,1.0,0.6666666666666666,0.6666666666666666,1.0,3.3333333333333335,0.0,0.0,0.0,0.0,0.0,1.0,0.0,1.0,0.0,2.0,1.0,1.0,1.0,1.0,4.0,1.0,0.3333333333333333,0.0,0.0,1.3333333333333333,0.3333333333333333,0.0,0.3333333333333333,0.6666666666666666,1.3333333333333333,0.3333333333333333,0.3333333333333333,0.0,0.6666666666666666,1.3333333333333333,15.666666666666666
97,1.0,0.0,1.0,0.0,2.0,0.6666666666666666,0.0,0.3333333333333333,0.3333333333333333,1.3333333333333333,0.0,0.0,0.0,0.0,0.0,0.3333333333333333,0.0,0.0,0.0,0.3333333333333333,0.0,0.0,0.0,0.0,0.0,0.0,0.0,0.0,0.0,0.0,0.6666666666666666,0.6666666666666666,1.0,1.0,3.3333333333333335,0.0,0.3333333333333333,0.0,0.0,0.3333333333333333,7.333333333333333
98,0.0,0.0,0.0,0.0,0.0,0.6666666666666666,0.6666666666666666,0.6666666666666666,0.6666666666666666,2.6666666666666665,0.0,0.0,0.0,0.0,0.0,0.0,0.0,0.0,0.0,0.0,0.0,0.0,0.0,0.0,0.0,0.0,0.0,0.0,0.0,0.0,0.6666666666666666,0.0,0.0,0.0,0.6666666666666666,0.0,0.0,0.0,0.0,0.0,3.3333333333333335
100,0.0,0.0,0.0,0.0,0.0,0.0,0.0,0.0,0.0,0.0,0.0,0.0,0.0,0.0,0.0,0.3333333333333333,0.0,0.0,0.0,0.3333333333333333,0.0,0.0,0.0,0.0,0.0,0.0,0.0,0.0,0.0,0.0,0.0,0.3333333333333333,0.3333333333333333,1.0,1.6666666666666667,0.0,0.0,0.0,0.0,0.0,2.0
123,1.0,0.0,1.0,1.0,3.0,1.0,1.0,1.0,1.0,4.0,0.0,0.0,1.0,0.0,1.0,1.0,0.3333333333333333,1.0,0.3333333333333333,2.6666666666666665,1.0,1.0,1.0,1.0,4.0,1.0,0.3333333333333333,1.0,0.3333333333333333,2.6666666666666665,1.0,1.0,1.0,1.0,4.0,0.6666666666666666,0.3333333333333333,0.3333333333333333,0.6666666666666666,2.0,23.333333333333332
127,1.0,0.0,1.0,1.0,3.0,1.0,1.0,0.6666666666666666,1.0,3.6666666666666665,0.0,0.0,0.0,0.3333333333333333,0.3333333333333333,1.0,1.0,1.0,0.0,3.0,1.0,1.0,1.0,1.0,4.0,0.3333333333333333,0.0,0.3333333333333333,0.0,0.6666666666666666,1.0,1.0,1.0,1.0,4.0,0.6666666666666666,0.0,0.0,0.6666666666666666,1.3333333333333333,20.0
128,1.0,0.0,1.0,1.0,3.0,0.6666666666666666,1.0,1.0,0.6666666666666666,3.3333333333333335,0.0,0.0,0.0,0.3333333333333333,0.3333333333333333,0.6666666666666666,0.0,0.3333333333333333,0.0,1.0,0.0,0.0,0.0,0.0,0.0,0.0,0.0,0.0,0.3333333333333333,0.3333333333333333,0.3333333333333333,1.0,0.3333333333333333,0.0,1.6666666666666667,1.0,0.3333333333333333,0.0,0.0,1.3333333333333333,11.0
130,1.0,0.3333333333333333,1.0,1.0,3.3333333333333335,1.0,1.0,1.0,1.0,4.0,0.0,0.0,0.0,0.3333333333333333,0.3333333333333333,0.6666666666666666,0.3333333333333333,0.6666666666666666,0.0,1.6666666666666667,1.0,1.0,1.0,1.0,4.0,0.0,0.0,0.0,0.0,0.0,1.0,0.6666666666666666,1.0,1.0,3.6666666666666665,0.3333333333333333,0.0,0.0,0.0,0.3333333333333333,17.333333333333332
131,0.0,0.0,0.0,0.0,0.0,0.0,0.0,0.0,0.0,0.0,0.0,0.0,0.0,0.0,0.0,0.3333333333333333,0.0,0.3333333333333333,0.0,0.6666666666666666,0.0,0.0,0.0,0.0,0.0,0.0,0.0,0.0,0.0,0.0,0.6666666666666666,0.0,0.3333333333333333,0.6666666666666666,1.6666666666666667,0.3333333333333333,0.3333333333333333,0.6666666666666666,0.0,1.3333333333333333,3.6666666666666665
134,1.0,0.0,1.0,1.0,3.0,0.6666666666666666,1.0,1.0,1.0,3.6666666666666665,0.0,0.0,0.0,0.3333333333333333,0.3333333333333333,1.0,0.3333333333333333,1.0,0.0,2.3333333333333335,1.0,1.0,1.0,1.0,4.0,0.0,0.0,0.0,0.0,0.0,1.0,1.0,1.0,1.0,4.0,0.0,0.0,0.0,0.0,0.0,17.333333333333332
138,0.6666666666666666,0.3333333333333333,1.0,0.6666666666666666,2.6666666666666665,1.0,0.6666666666666666,1.0,0.6666666666666666,3.3333333333333335,0.0,0.0,0.0,0.0,0.0,1.0,0.0,1.0,0.0,2.0,1.0,1.0,1.0,1.0,4.0,0.0,0.0,0.0,0.0,0.0,1.0,0.3333333333333333,1.0,1.0,3.3333333333333335,0.0,0.0,0.0,0.0,0.0,15.333333333333334
142,1.0,0.0,1.0,1.0,3.0,1.0,1.0,0.6666666666666666,1.0,3.6666666666666665,0.0,0.0,0.6666666666666666,0.3333333333333333,1.0,1.0,0.3333333333333333,1.0,0.3333333333333333,2.6666666666666665,1.0,1.0,1.0,1.0,4.0,0.3333333333333333,0.0,1.0,0.6666666666666666,2.0,1.0,1.0,1.0,1.0,4.0,1.0,1.0,0.3333333333333333,0.6666666666666666,3.0,23.333333333333332
143,1.0,0.3333333333333333,1.0,1.0,3.3333333333333335,1.0,1.0,1.0,1.0,4.0,0.0,0.0,1.0,0.6666666666666666,1.6666666666666667,0.6666666666666666,0.6666666666666666,0.6666666666666666,0.3333333333333333,2.3333333333333335,1.0,1.0,1.0,1.0,4.0,1.0,0.0,1.0,0.3333333333333333,2.3333333333333335,1.0,1.0,1.0,1.0,4.0,0.6666666666666666,0.3333333333333333,0.3333333333333333,1.0,2.3333333333333335,24.0
144,1.0,0.3333333333333333,1.0,1.0,3.3333333333333335,1.0,1.0,0.6666666666666666,1.0,3.6666666666666665,0.3333333333333333,0.0,1.0,0.6666666666666666,2.0,0.6666666666666666,0.3333333333333333,0.6666666666666666,0.6666666666666666,2.3333333333333335,1.0,1.0,0.6666666666666666,0.6666666666666666,3.3333333333333335,0.0,0.0,1.0,0.3333333333333333,1.3333333333333333,1.0,0.6666666666666666,1.0,1.0,3.6666666666666665,1.0,1.0,0.6666666666666666,1.0,3.6666666666666665,23.333333333333332
147,1.0,0.0,1.0,1.0,3.0,1.0,1.0,1.0,1.0,4.0,0.0,0.0,1.0,0.0,1.0,0.6666666666666666,0.6666666666666666,1.0,0.6666666666666666,3.0,1.0,1.0,1.0,0.6666666666666666,3.6666666666666665,0.0,0.0,1.0,0.6666666666666666,1.6666666666666667,1.0,1.0,1.0,1.0,4.0,1.0,1.0,0.3333333333333333,1.0,3.3333333333333335,23.666666666666668
148,1.0,0.0,1.0,1.0,3.0,1.0,1.0,1.0,1.0,4.0,0.0,0.0,0.0,0.3333333333333333,0.3333333333333333,1.0,1.0,1.0,0.0,3.0,1.0,1.0,1.0,0.6666666666666666,3.6666666666666665,0.0,0.0,0.0,0.6666666666666666,0.6666666666666666,1.0,1.0,1.0,1.0,4.0,1.0,0.0,0.0,0.6666666666666666,1.6666666666666667,20.333333333333332
151,0.6666666666666666,0.0,1.0,1.0,2.6666666666666665,1.0,1.0,0.3333333333333333,1.0,3.3333333333333335,0.0,0.0,0.0,0.0,0.0,0.3333333333333333,0.3333333333333333,0.3333333333333333,0.0,1.0,1.0,1.0,1.0,1.0,4.0,1.0,0.0,0.0,0.6666666666666666,1.6666666666666667,0.3333333333333333,0.0,0.3333333333333333,0.6666666666666666,1.3333333333333333,0.3333333333333333,0.0,0.0,1.0,1.3333333333333333,15.333333333333334
156,1.0,1.0,1.0,1.0,4.0,1.0,0.6666666666666666,1.0,1.0,3.6666666666666665,1.0,0.6666666666666666,1.0,0.3333333333333333,3.0,1.0,1.0,1.0,0.3333333333333333,3.3333333333333335,1.0,1.0,1.0,1.0,4.0,1.0,0.0,1.0,0.6666666666666666,2.6666666666666665,0.6666666666666666,1.0,0.6666666666666666,1.0,3.3333333333333335,1.0,0.0,0.3333333333333333,1.0,2.3333333333333335,26.333333333333332
157,1.0,0.3333333333333333,1.0,1.0,3.3333333333333335,1.0,1.0,1.0,1.0,4.0,0.0,0.0,0.0,0.3333333333333333,0.3333333333333333,1.0,0.6666666666666666,0.6666666666666666,0.0,2.3333333333333335,1.0,1.0,1.0,1.0,4.0,1.0,0.0,1.0,0.3333333333333333,2.3333333333333335,1.0,0.6666666666666666,1.0,1.0,3.6666666666666665,0.6666666666666666,0.0,0.0,1.0,1.6666666666666667,21.666666666666668
162,1.0,0.0,1.0,1.0,3.0,1.0,1.0,1.0,1.0,4.0,0.0,0.0,0.0,0.0,0.0,1.0,0.3333333333333333,1.0,1.0,3.3333333333333335,1.0,1.0,1.0,1.0,4.0,1.0,0.0,1.0,1.0,3.0,1.0,1.0,1.0,1.0,4.0,0.6666666666666666,0.3333333333333333,0.6666666666666666,1.0,2.6666666666666665,24.0
167,1.0,0.0,1.0,1.0,3.0,1.0,1.0,1.0,1.0,4.0,0.0,0.0,1.0,0.0,1.0,1.0,1.0,1.0,0.3333333333333333,3.3333333333333335,1.0,1.0,1.0,1.0,4.0,0.0,0.0,0.3333333333333333,0.0,0.3333333333333333,1.0,1.0,1.0,1.0,4.0,0.3333333333333333,0.0,0.0,0.3333333333333333,0.6666666666666666,20.333333333333332
169,1.0,0.0,1.0,1.0,3.0,1.0,1.0,0.6666666666666666,1.0,3.6666666666666665,0.0,0.0,1.0,0.0,1.0,1.0,0.6666666666666666,1.0,0.6666666666666666,3.3333333333333335,1.0,1.0,1.0,1.0,4.0,0.0,0.0,1.0,0.0,1.0,1.0,1.0,1.0,1.0,4.0,0.6666666666666666,0.0,0.0,0.6666666666666666,1.3333333333333333,21.333333333333332
170,1.0,0.0,1.0,1.0,3.0,1.0,1.0,0.6666666666666666,1.0,3.6666666666666665,0.0,0.0,1.0,0.0,1.0,1.0,1.0,1.0,0.6666666666666666,3.6666666666666665,1.0,1.0,1.0,1.0,4.0,0.0,0.0,1.0,0.0,1.0,1.0,1.0,1.0,1.0,4.0,0.3333333333333333,0.0,0.0,0.6666666666666666,1.0,21.333333333333332
171,0.6666666666666666,0.0,1.0,1.0,2.6666666666666665,0.3333333333333333,1.0,0.6666666666666666,1.0,3.0,0.0,0.0,0.0,0.0,0.0,1.0,0.3333333333333333,1.0,0.6666666666666666,3.0,1.0,1.0,1.0,1.0,4.0,1.0,0.0,1.0,0.0,2.0,1.0,1.0,1.0,1.0,4.0,0.3333333333333333,0.0,0.0,0.3333333333333333,0.6666666666666666,19.333333333333332
173,1.0,0.0,1.0,1.0,3.0,1.0,1.0,1.0,1.0,4.0,0.0,0.0,0.0,0.3333333333333333,0.3333333333333333,1.0,0.3333333333333333,1.0,0.0,2.3333333333333335,1.0,1.0,1.0,1.0,4.0,0.0,0.0,0.6666666666666666,0.0,0.6666666666666666,1.0,0.3333333333333333,1.0,1.0,3.3333333333333335,0.0,0.0,0.0,0.3333333333333333,0.3333333333333333,18.0
176,1.0,0.0,1.0,1.0,3.0,1.0,1.0,0.3333333333333333,1.0,3.3333333333333335,0.0,0.0,0.0,0.3333333333333333,0.3333333333333333,1.0,1.0,1.0,0.3333333333333333,3.3333333333333335,1.0,1.0,1.0,1.0,4.0,1.0,0.3333333333333333,1.0,0.3333333333333333,2.6666666666666665,1.0,1.0,1.0,1.0,4.0,0.3333333333333333,0.0,0.0,1.0,1.3333333333333333,22.0
177,1.0,0.3333333333333333,1.0,1.0,3.3333333333333335,1.0,1.0,1.0,1.0,4.0,0.0,0.0,0.0,0.0,0.0,1.0,0.3333333333333333,1.0,0.0,2.3333333333333335,1.0,1.0,1.0,1.0,4.0,1.0,0.3333333333333333,1.0,0.0,2.3333333333333335,1.0,0.3333333333333333,1.0,1.0,3.3333333333333335,0.3333333333333333,0.0,0.0,0.6666666666666666,1.0,20.333333333333332
178,1.0,0.0,1.0,1.0,3.0,1.0,0.3333333333333333,1.0,1.0,3.3333333333333335,0.0,0.0,0.0,0.0,0.0,1.0,0.3333333333333333,1.0,0.0,2.3333333333333335,1.0,1.0,1.0,1.0,4.0,0.3333333333333333,0.0,0.0,0.6666666666666666,1.0,1.0,1.0,1.0,1.0,4.0,0.6666666666666666,0.0,0.0,0.6666666666666666,1.3333333333333333,19.0
180,1.0,0.3333333333333333,1.0,1.0,3.3333333333333335,1.0,1.0,1.0,1.0,4.0,0.0,0.0,0.0,0.0,0.0,1.0,0.6666666666666666,0.6666666666666666,0.0,2.3333333333333335,1.0,1.0,1.0,1.0,4.0,0.0,0.0,0.0,0.0,0.0,1.0,0.6666666666666666,1.0,1.0,3.6666666666666665,0.0,0.0,0.0,0.0,0.0,17.333333333333332
181,0.3333333333333333,0.0,0.3333333333333333,0.3333333333333333,1.0,0.3333333333333333,0.3333333333333333,0.0,0.3333333333333333,1.0,0.0,0.0,0.3333333333333333,0.0,0.3333333333333333,0.3333333333333333,0.3333333333333333,0.3333333333333333,0.0,1.0,0.3333333333333333,0.3333333333333333,0.3333333333333333,0.3333333333333333,1.3333333333333333,0.0,0.0,0.3333333333333333,0.0,0.3333333333333333,0.3333333333333333,0.3333333333333333,0.3333333333333333,0.0,1.0,0.3333333333333333,0.0,0.0,0.3333333333333333,0.6666666666666666,6.666666666666667
182,0.3333333333333333,0.0,0.3333333333333333,0.3333333333333333,1.0,0.3333333333333333,0.3333333333333333,0.3333333333333333,0.3333333333333333,1.3333333333333333,0.0,0.3333333333333333,0.3333333333333333,0.0,0.6666666666666666,0.3333333333333333,0.3333333333333333,0.3333333333333333,0.0,1.0,0.3333333333333333,0.3333333333333333,0.3333333333333333,0.3333333333333333,1.3333333333333333,0.0,0.0,0.3333333333333333,0.3333333333333333,0.6666666666666666,0.6666666666666666,0.6666666666666666,0.6666666666666666,0.6666666666666666,2.6666666666666665,0.3333333333333333,0.0,0.0,0.3333333333333333,0.6666666666666666,9.333333333333334
183,0.0,0.0,0.0,0.0,0.0,0.6666666666666666,0.0,0.6666666666666666,1.0,2.3333333333333335,0.0,0.0,0.0,0.0,0.0,0.0,0.0,0.0,0.0,0.0,0.0,0.0,0.0,0.0,0.0,0.0,0.0,0.0,0.0,0.0,0.3333333333333333,1.0,1.0,1.0,3.3333333333333335,0.0,0.3333333333333333,0.0,0.0,0.3333333333333333,6.0
185,0.6666666666666666,0.6666666666666666,0.6666666666666666,0.6666666666666666,2.6666666666666665,0.3333333333333333,1.0,0.3333333333333333,1.0,2.6666666666666665,0.3333333333333333,0.0,0.3333333333333333,0.0,0.6666666666666666,1.0,0.6666666666666666,1.0,0.0,2.6666666666666665,1.0,1.0,1.0,1.0,4.0,0.6666666666666666,0.6666666666666666,0.3333333333333333,0.3333333333333333,2.0,1.0,1.0,1.0,1.0,4.0,0.3333333333333333,0.0,0.0,0.3333333333333333,0.6666666666666666,19.333333333333332
188,1.0,0.0,0.6666666666666666,1.0,2.6666666666666665,1.0,0.6666666666666666,0.3333333333333333,1.0,3.0,0.0,0.0,0.0,0.0,0.0,0.6666666666666666,1.0,1.0,0.0,2.6666666666666665,1.0,1.0,1.0,1.0,4.0,1.0,0.6666666666666666,0.6666666666666666,1.0,3.3333333333333335,1.0,0.3333333333333333,1.0,1.0,3.3333333333333335,0.6666666666666666,0.0,0.0,1.0,1.6666666666666667,20.666666666666668
195,0.0,0.0,0.0,0.6666666666666666,0.6666666666666666,1.0,0.0,1.0,1.0,3.0,0.0,0.0,0.0,0.0,0.0,0.3333333333333333,0.0,0.3333333333333333,0.3333333333333333,1.0,0.6666666666666666,0.6666666666666666,0.6666666666666666,0.6666666666666666,2.6666666666666665,0.6666666666666666,0.6666666666666666,0.0,0.6666666666666666,2.0,0.6666666666666666,0.3333333333333333,0.6666666666666666,1.0,2.6666666666666665,0.3333333333333333,0.0,0.0,0.3333333333333333,0.6666666666666666,12.666666666666666
196,0.0,0.0,0.0,0.0,0.0,0.0,0.0,0.0,0.0,0.0,0.0,0.0,0.0,0.0,0.0,0.0,0.0,0.0,0.0,0.0,0.0,0.0,0.0,0.0,0.0,0.0,0.0,0.0,0.0,0.0,0.0,0.3333333333333333,0.3333333333333333,0.6666666666666666,1.3333333333333333,0.6666666666666666,0.0,0.6666666666666666,0.0,1.3333333333333333,2.6666666666666665
199,0.0,0.0,0.0,0.0,0.0,0.6666666666666666,0.0,0.6666666666666666,0.6666666666666666,2.0,0.0,0.0,0.3333333333333333,0.0,0.3333333333333333,0.0,0.0,0.0,0.0,0.0,0.0,0.0,0.0,0.0,0.0,0.0,0.0,0.0,0.0,0.0,0.3333333333333333,0.0,0.3333333333333333,0.6666666666666666,1.3333333333333333,0.6666666666666666,0.0,0.0,0.3333333333333333,1.0,4.666666666666667
202,0.6666666666666666,0.0,0.6666666666666666,1.0,2.3333333333333335,0.6666666666666666,1.0,0.0,1.0,2.6666666666666665,0.0,0.0,0.0,0.0,0.0,1.0,0.6666666666666666,1.0,0.3333333333333333,3.0,1.0,1.0,1.0,1.0,4.0,0.0,0.0,1.0,0.0,1.0,1.0,1.0,1.0,1.0,4.0,0.3333333333333333,0.0,0.0,0.3333333333333333,0.6666666666666666,17.666666666666668
206,1.0,0.0,1.0,1.0,3.0,1.0,1.0,0.6666666666666666,1.0,3.6666666666666665,0.0,0.0,0.0,0.3333333333333333,0.3333333333333333,0.6666666666666666,0.6666666666666666,0.6666666666666666,0.0,2.0,1.0,1.0,1.0,1.0,4.0,0.0,0.0,1.0,0.0,1.0,1.0,0.6666666666666666,1.0,1.0,3.6666666666666665,0.3333333333333333,0.0,0.0,0.6666666666666666,1.0,18.666666666666668
211,0.3333333333333333,0.0,0.3333333333333333,0.6666666666666666,1.3333333333333333,0.6666666666666666,0.0,0.0,0.6666666666666666,1.3333333333333333,0.0,0.0,0.0,0.0,0.0,1.0,0.3333333333333333,1.0,0.0,2.3333333333333335,1.0,1.0,1.0,0.3333333333333333,3.3333333333333335,0.0,0.0,0.0,0.6666666666666666,0.6666666666666666,0.3333333333333333,0.3333333333333333,0.3333333333333333,0.3333333333333333,1.3333333333333333,0.6666666666666666,0.0,0.0,0.0,0.6666666666666666,11.0
212,1.0,0.0,1.0,1.0,3.0,1.0,1.0,1.0,1.0,4.0,0.0,0.3333333333333333,0.6666666666666666,0.3333333333333333,1.3333333333333333,0.6666666666666666,0.6666666666666666,0.6666666666666666,0.6666666666666666,2.6666666666666665,1.0,1.0,1.0,0.6666666666666666,3.6666666666666665,1.0,0.3333333333333333,0.0,0.6666666666666666,2.0,0.6666666666666666,0.6666666666666666,0.6666666666666666,0.6666666666666666,2.6666666666666665,0.6666666666666666,0.3333333333333333,0.6666666666666666,0.6666666666666666,2.3333333333333335,21.666666666666668
213,1.0,0.3333333333333333,1.0,1.0,3.3333333333333335,1.0,1.0,1.0,1.0,4.0,0.0,0.0,0.0,0.3333333333333333,0.3333333333333333,0.6666666666666666,0.6666666666666666,0.6666666666666666,0.0,2.0,1.0,1.0,1.0,1.0,4.0,0.0,0.0,0.0,0.0,0.0,1.0,1.0,1.0,0.6666666666666666,3.6666666666666665,0.0,0.3333333333333333,0.3333333333333333,0.3333333333333333,1.0,18.333333333333332
216,1.0,0.0,1.0,1.0,3.0,1.0,1.0,1.0,1.0,4.0,0.0,0.0,0.0,0.0,0.0,1.0,0.6666666666666666,1.0,1.0,3.6666666666666665,1.0,1.0,1.0,1.0,4.0,0.0,0.0,1.0,0.0,1.0,1.0,1.0,1.0,1.0,4.0,0.6666666666666666,0.0,0.0,1.0,1.6666666666666667,21.333333333333332
217,0.0,0.0,0.0,0.0,0.0,0.6666666666666666,0.3333333333333333,0.3333333333333333,0.3333333333333333,1.6666666666666667,0.0,0.0,0.0,0.0,0.0,0.0,0.0,0.0,0.0,0.0,0.0,0.0,0.0,0.0,0.0,0.0,0.0,0.0,0.0,0.0,0.3333333333333333,0.6666666666666666,0.6666666666666666,0.6666666666666666,2.3333333333333335,0.3333333333333333,0.0,0.0,0.0,0.3333333333333333,4.333333333333333
218,0.0,0.0,0.0,0.0,0.0,0.6666666666666666,0.6666666666666666,0.6666666666666666,0.6666666666666666,2.6666666666666665,0.0,0.0,,0.0,0.0,0.3333333333333333,0.0,0.3333333333333333,0.0,0.6666666666666666,0.3333333333333333,0.3333333333333333,0.3333333333333333,0.3333333333333333,1.3333333333333333,0.0,0.0,0.3333333333333333,0.3333333333333333,0.6666666666666666,0.6666666666666666,0.6666666666666666,0.6666666666666666,0.6666666666666666,2.6666666666666665,0.3333333333333333,0.0,0.0,0.6666666666666666,1.0,9.0
221,1.0,0.0,1.0,1.0,3.0,1.0,1.0,1.0,1.0,4.0,0.0,0.0,0.0,0.0,0.0,1.0,0.3333333333333333,0.6666666666666666,0.0,2.0,1.0,1.0,1.0,1.0,4.0,0.0,0.0,0.0,0.0,0.0,1.0,0.6666666666666666,0.6666666666666666,1.0,3.3333333333333335,0.3333333333333333,0.0,0.0,0.0,0.3333333333333333,16.666666666666668
222,1.0,0.0,1.0,1.0,3.0,1.0,1.0,1.0,1.0,4.0,0.0,0.0,0.0,0.0,0.0,0.6666666666666666,0.3333333333333333,0.6666666666666666,0.0,1.6666666666666667,1.0,1.0,1.0,1.0,4.0,0.0,0.0,0.0,0.0,0.0,1.0,0.3333333333333333,1.0,0.6666666666666666,3.0,0.3333333333333333,0.0,0.0,0.0,0.3333333333333333,16.0
224,1.0,0.0,1.0,1.0,3.0,1.0,1.0,1.0,1.0,4.0,0.0,0.0,0.0,0.0,0.0,1.0,0.6666666666666666,1.0,0.0,2.6666666666666665,1.0,1.0,1.0,1.0,4.0,0.0,0.0,0.0,0.0,0.0,1.0,0.6666666666666666,0.6666666666666666,1.0,3.3333333333333335,0.6666666666666666,0.0,0.0,0.3333333333333333,1.0,18.0
226,1.0,0.0,1.0,1.0,3.0,1.0,1.0,1.0,1.0,4.0,0.0,0.0,0.3333333333333333,0.0,0.3333333333333333,1.0,1.0,1.0,0.3333333333333333,3.3333333333333335,1.0,1.0,1.0,1.0,4.0,0.0,0.0,0.3333333333333333,0.0,0.3333333333333333,1.0,1.0,1.0,1.0,4.0,0.6666666666666666,0.3333333333333333,0.3333333333333333,0.3333333333333333,1.6666666666666667,20.666666666666668
227,1.0,0.0,1.0,1.0,3.0,1.0,1.0,0.3333333333333333,1.0,3.3333333333333335,0.0,0.0,0.3333333333333333,0.3333333333333333,0.6666666666666666,1.0,0.6666666666666666,1.0,0.0,2.6666666666666665,1.0,1.0,1.0,1.0,4.0,0.0,0.0,0.3333333333333333,0.0,0.3333333333333333,1.0,1.0,1.0,1.0,4.0,0.3333333333333333,0.0,0.0,0.3333333333333333,0.6666666666666666,18.666666666666668
228,1.0,0.0,1.0,1.0,3.0,0.6666666666666666,1.0,1.0,1.0,3.6666666666666665,0.0,0.0,0.0,0.0,0.0,1.0,0.3333333333333333,1.0,0.6666666666666666,3.0,1.0,1.0,1.0,1.0,4.0,0.0,0.0,0.0,0.3333333333333333,0.3333333333333333,1.0,1.0,1.0,1.0,4.0,0.3333333333333333,0.3333333333333333,0.0,0.3333333333333333,1.0,19.0
229,1.0,0.3333333333333333,1.0,1.0,3.3333333333333335,1.0,1.0,1.0,1.0,4.0,0.0,0.0,0.0,0.0,0.0,0.6666666666666666,0.3333333333333333,0.6666666666666666,0.0,1.6666666666666667,1.0,1.0,1.0,1.0,4.0,0.0,0.0,0.0,0.0,0.0,1.0,0.6666666666666666,1.0,1.0,3.6666666666666665,0.3333333333333333,0.0,0.0,0.6666666666666666,1.0,17.666666666666668
235,0.3333333333333333,0.0,0.3333333333333333,0.6666666666666666,1.3333333333333333,0.6666666666666666,0.0,0.3333333333333333,0.6666666666666666,1.6666666666666667,0.0,0.0,0.0,0.0,0.0,0.6666666666666666,0.6666666666666666,0.6666666666666666,0.3333333333333333,2.3333333333333335,1.0,1.0,1.0,1.0,4.0,1.0,1.0,1.0,1.0,4.0,0.6666666666666666,1.0,0.6666666666666666,0.6666666666666666,3.0,0.6666666666666666,0.0,0.0,1.0,1.6666666666666667,18.0
237,0.6666666666666666,0.0,0.6666666666666666,1.0,2.3333333333333335,0.6666666666666666,0.6666666666666666,0.6666666666666666,0.6666666666666666,2.6666666666666665,0.0,0.0,0.0,0.3333333333333333,0.3333333333333333,1.0,0.6666666666666666,1.0,0.0,2.6666666666666665,1.0,1.0,1.0,1.0,4.0,0.0,0.0,0.3333333333333333,0.0,0.3333333333333333,0.6666666666666666,0.6666666666666666,0.6666666666666666,0.3333333333333333,2.3333333333333335,0.6666666666666666,0.3333333333333333,0.0,0.6666666666666666,1.6666666666666667,16.333333333333332
244,0.3333333333333333,0.0,0.6666666666666666,0.6666666666666666,1.6666666666666667,1.0,0.3333333333333333,1.0,1.0,3.3333333333333335,0.0,0.0,0.0,0.0,0.0,1.0,0.6666666666666666,1.0,0.0,2.6666666666666665,1.0,1.0,1.0,1.0,4.0,0.0,0.0,1.0,0.0,1.0,0.6666666666666666,1.0,1.0,1.0,3.6666666666666665,0.6666666666666666,0.0,0.0,1.0,1.6666666666666667,18.0
245,1.0,0.0,1.0,1.0,3.0,1.0,1.0,1.0,1.0,4.0,0.0,0.0,0.0,0.0,0.0,1.0,0.6666666666666666,1.0,0.6666666666666666,3.3333333333333335,1.0,1.0,1.0,1.0,4.0,0.0,0.0,0.3333333333333333,0.0,0.3333333333333333,1.0,1.0,1.0,1.0,4.0,0.3333333333333333,0.0,0.0,0.3333333333333333,0.6666666666666666,19.333333333333332
246,1.0,0.0,1.0,0.6666666666666666,2.6666666666666665,1.0,1.0,1.0,1.0,4.0,0.0,0.0,0.0,0.3333333333333333,0.3333333333333333,1.0,1.0,1.0,0.3333333333333333,3.3333333333333335,1.0,1.0,1.0,1.0,4.0,0.3333333333333333,1.0,0.3333333333333333,0.3333333333333333,2.0,1.0,1.0,1.0,1.0,4.0,1.0,0.0,0.0,1.0,2.0,22.333333333333332
251,0.0,0.0,0.0,0.0,0.0,1.0,0.0,1.0,1.0,3.0,0.0,0.0,0.0,0.0,0.0,0.0,0.0,0.0,0.0,0.0,0.0,0.0,0.0,0.0,0.0,0.0,0.0,0.3333333333333333,0.0,0.3333333333333333,0.0,0.3333333333333333,0.6666666666666666,0.6666666666666666,1.6666666666666667,0.0,0.0,0.0,0.0,0.0,5.0
253,0.0,0.0,0.0,0.3333333333333333,0.3333333333333333,0.6666666666666666,0.0,0.6666666666666666,0.6666666666666666,2.0,0.0,0.0,0.0,0.0,0.0,0.3333333333333333,0.0,0.0,0.0,0.3333333333333333,0.3333333333333333,0.3333333333333333,0.3333333333333333,0.3333333333333333,1.3333333333333333,0.3333333333333333,0.3333333333333333,0.3333333333333333,0.0,1.0,0.3333333333333333,0.6666666666666666,0.3333333333333333,0.6666666666666666,2.0,0.3333333333333333,0.0,0.0,0.3333333333333333,0.6666666666666666,7.666666666666667
254,1.0,0.3333333333333333,1.0,1.0,3.3333333333333335,1.0,1.0,1.0,1.0,4.0,0.0,0.0,0.0,0.3333333333333333,0.3333333333333333,0.6666666666666666,0.3333333333333333,0.6666666666666666,0.0,1.6666666666666667,1.0,1.0,1.0,1.0,4.0,0.0,0.0,0.0,0.0,0.0,1.0,0.6666666666666666,1.0,1.0,3.6666666666666665,0.3333333333333333,0.0,0.0,0.3333333333333333,0.6666666666666666,17.666666666666668
256,1.0,0.3333333333333333,1.0,1.0,3.3333333333333335,0.6666666666666666,1.0,1.0,1.0,3.6666666666666665,0.0,0.0,0.0,0.0,0.0,1.0,0.6666666666666666,1.0,0.0,2.6666666666666665,1.0,1.0,1.0,1.0,4.0,0.0,0.0,0.0,0.0,0.0,1.0,0.6666666666666666,1.0,1.0,3.6666666666666665,0.3333333333333333,0.0,0.0,0.3333333333333333,0.6666666666666666,18.0
260,1.0,0.3333333333333333,1.0,1.0,3.3333333333333335,1.0,1.0,1.0,1.0,4.0,0.0,0.0,0.0,0.0,0.0,1.0,0.6666666666666666,1.0,0.6666666666666666,3.3333333333333335,1.0,1.0,1.0,1.0,4.0,0.0,0.0,0.0,0.0,0.0,1.0,1.0,1.0,1.0,4.0,0.3333333333333333,0.0,0.0,0.0,0.3333333333333333,19.0
267,1.0,0.0,1.0,1.0,3.0,1.0,1.0,1.0,1.0,4.0,0.0,0.0,0.0,0.0,0.0,1.0,1.0,1.0,1.0,4.0,1.0,1.0,1.0,1.0,4.0,0.0,0.0,1.0,0.0,1.0,1.0,1.0,1.0,1.0,4.0,0.6666666666666666,0.0,0.0,0.6666666666666666,1.3333333333333333,21.333333333333332
276,1.0,0.3333333333333333,1.0,1.0,3.3333333333333335,1.0,1.0,1.0,1.0,4.0,0.3333333333333333,0.0,0.0,0.6666666666666666,1.0,1.0,0.3333333333333333,1.0,0.0,2.3333333333333335,1.0,1.0,1.0,1.0,4.0,0.6666666666666666,0.3333333333333333,0.0,0.0,1.0,1.0,0.6666666666666666,1.0,1.0,3.6666666666666665,1.0,0.0,0.0,1.0,2.0,21.333333333333332
278,1.0,0.6666666666666666,1.0,1.0,3.6666666666666665,1.0,1.0,1.0,1.0,4.0,0.0,0.0,0.0,1.0,1.0,1.0,0.3333333333333333,1.0,0.0,2.3333333333333335,1.0,1.0,1.0,1.0,4.0,0.6666666666666666,1.0,0.0,0.3333333333333333,2.0,1.0,1.0,1.0,1.0,4.0,1.0,0.0,0.0,0.3333333333333333,1.3333333333333333,22.333333333333332
280,1.0,0.0,1.0,1.0,3.0,1.0,1.0,1.0,1.0,4.0,0.0,0.0,0.0,0.0,0.0,1.0,1.0,1.0,0.0,3.0,1.0,1.0,1.0,1.0,4.0,0.6666666666666666,0.6666666666666666,1.0,0.0,2.3333333333333335,1.0,1.0,1.0,1.0,4.0,1.0,0.0,0.0,1.0,2.0,22.333333333333332
281,1.0,0.0,1.0,1.0,3.0,1.0,1.0,1.0,1.0,4.0,0.0,0.0,0.0,0.0,0.0,0.6666666666666666,0.3333333333333333,0.6666666666666666,0.0,1.6666666666666667,1.0,1.0,1.0,1.0,4.0,0.0,0.0,0.0,0.0,0.0,1.0,0.3333333333333333,1.0,1.0,3.3333333333333335,0.3333333333333333,0.0,0.0,0.0,0.3333333333333333,16.333333333333332
285,1.0,0.0,1.0,1.0,3.0,1.0,1.0,1.0,1.0,4.0,0.0,0.0,0.0,0.0,0.0,1.0,0.6666666666666666,1.0,0.6666666666666666,3.3333333333333335,1.0,1.0,1.0,1.0,4.0,0.0,0.0,0.0,0.0,0.0,1.0,0.6666666666666666,1.0,1.0,3.6666666666666665,0.0,0.0,0.0,1.0,1.0,19.0
286,1.0,0.0,1.0,1.0,3.0,1.0,1.0,1.0,1.0,4.0,0.0,0.0,0.0,0.0,0.0,0.6666666666666666,0.6666666666666666,0.6666666666666666,0.0,2.0,1.0,1.0,1.0,1.0,4.0,0.0,0.0,0.0,0.0,0.0,1.0,0.6666666666666666,1.0,1.0,3.6666666666666665,0.6666666666666666,0.0,0.0,0.3333333333333333,1.0,17.666666666666668
292,1.0,0.0,1.0,1.0,3.0,1.0,1.0,1.0,1.0,4.0,0.0,0.0,0.0,0.0,0.0,0.6666666666666666,0.6666666666666666,0.6666666666666666,0.0,2.0,1.0,1.0,1.0,0.6666666666666666,3.6666666666666665,0.0,0.0,0.0,0.0,0.0,1.0,0.3333333333333333,1.0,1.0,3.3333333333333335,0.0,0.0,0.0,0.0,0.0,16.0
293,0.6666666666666666,0.0,1.0,0.6666666666666666,2.3333333333333335,0.6666666666666666,0.6666666666666666,0.3333333333333333,0.6666666666666666,2.3333333333333335,0.0,0.0,0.0,0.0,0.0,1.0,1.0,1.0,0.0,3.0,1.0,1.0,1.0,1.0,4.0,0.3333333333333333,0.6666666666666666,0.0,0.3333333333333333,1.3333333333333333,0.3333333333333333,0.3333333333333333,0.3333333333333333,0.0,1.0,0.6666666666666666,0.3333333333333333,0.0,0.3333333333333333,1.3333333333333333,15.333333333333334
294,1.0,0.0,1.0,1.0,3.0,1.0,1.0,1.0,1.0,4.0,0.0,0.0,0.0,0.0,0.0,1.0,1.0,1.0,0.3333333333333333,3.3333333333333335,1.0,1.0,1.0,0.6666666666666666,3.6666666666666665,0.0,0.0,0.0,0.0,0.0,1.0,1.0,1.0,1.0,4.0,0.0,0.0,0.0,0.0,0.0,18.0
295,1.0,0.6666666666666666,1.0,1.0,3.6666666666666665,1.0,1.0,1.0,1.0,4.0,0.0,0.0,1.0,0.0,1.0,1.0,1.0,1.0,0.0,3.0,1.0,1.0,1.0,1.0,4.0,0.0,0.0,0.0,0.0,0.0,1.0,0.6666666666666666,1.0,1.0,3.6666666666666665,0.0,0.0,0.0,0.3333333333333333,0.3333333333333333,19.666666666666668
296,1.0,0.3333333333333333,1.0,0.3333333333333333,2.6666666666666665,0.6666666666666666,1.0,1.0,0.3333333333333333,3.0,0.0,0.0,0.0,0.0,0.0,0.6666666666666666,0.6666666666666666,0.6666666666666666,0.0,2.0,0.3333333333333333,0.6666666666666666,1.0,0.6666666666666666,2.6666666666666665,0.0,0.0,0.0,0.0,0.0,0.6666666666666666,0.6666666666666666,1.0,1.0,3.3333333333333335,0.0,0.0,0.0,0.0,0.0,13.666666666666666
297,1.0,0.3333333333333333,1.0,1.0,3.3333333333333335,1.0,1.0,1.0,1.0,4.0,0.0,0.0,0.0,0.0,0.0,1.0,1.0,1.0,0.6666666666666666,3.6666666666666665,1.0,1.0,1.0,1.0,4.0,0.6666666666666666,0.3333333333333333,0.0,0.3333333333333333,1.3333333333333333,1.0,1.0,1.0,1.0,4.0,0.6666666666666666,0.0,0.0,1.0,1.6666666666666667,22.0
299,1.0,0.0,1.0,1.0,3.0,1.0,1.0,1.0,1.0,4.0,0.0,0.0,0.3333333333333333,0.0,0.3333333333333333,1.0,0.6666666666666666,1.0,0.3333333333333333,3.0,1.0,1.0,1.0,1.0,4.0,0.0,0.0,0.0,0.0,0.0,0.6666666666666666,0.6666666666666666,1.0,0.6666666666666666,3.0,0.0,0.0,0.0,0.0,0.0,17.333333333333332
301,1.0,0.0,1.0,1.0,3.0,1.0,1.0,1.0,1.0,4.0,0.0,0.0,1.0,0.6666666666666666,1.6666666666666667,1.0,0.6666666666666666,1.0,0.6666666666666666,3.3333333333333335,1.0,1.0,1.0,1.0,4.0,0.0,0.0,1.0,0.0,1.0,1.0,1.0,1.0,0.6666666666666666,3.6666666666666665,1.0,0.3333333333333333,0.3333333333333333,1.0,2.6666666666666665,23.333333333333332
302,0.6666666666666666,0.0,0.6666666666666666,1.0,2.3333333333333335,1.0,1.0,0.0,1.0,3.0,0.0,0.0,0.3333333333333333,0.0,0.3333333333333333,0.6666666666666666,0.3333333333333333,0.6666666666666666,0.0,1.6666666666666667,1.0,1.0,1.0,1.0,4.0,0.0,0.0,0.0,0.0,0.0,1.0,0.6666666666666666,0.6666666666666666,0.6666666666666666,3.0,0.3333333333333333,0.0,0.0,0.3333333333333333,0.6666666666666666,15.0
306,0.0,0.0,0.0,0.6666666666666666,0.6666666666666666,1.0,0.3333333333333333,1.0,1.0,3.3333333333333335,0.0,0.0,0.0,0.0,0.0,0.3333333333333333,0.0,0.6666666666666666,0.0,1.0,0.6666666666666666,0.6666666666666666,0.6666666666666666,0.6666666666666666,2.6666666666666665,0.0,0.3333333333333333,0.3333333333333333,0.0,0.6666666666666666,0.6666666666666666,1.0,1.0,1.0,3.6666666666666665,0.0,0.0,0.0,0.3333333333333333,0.3333333333333333,12.333333333333334
307,1.0,0.0,1.0,1.0,3.0,1.0,1.0,1.0,1.0,4.0,0.0,0.0,1.0,0.0,1.0,1.0,0.6666666666666666,1.0,0.6666666666666666,3.3333333333333335,1.0,1.0,1.0,0.6666666666666666,3.6666666666666665,0.0,0.0,0.3333333333333333,0.6666666666666666,1.0,1.0,1.0,1.0,0.6666666666666666,3.6666666666666665,1.0,0.6666666666666666,0.3333333333333333,0.6666666666666666,2.6666666666666665,22.333333333333332
308,1.0,0.3333333333333333,1.0,1.0,3.3333333333333335,1.0,1.0,0.6666666666666666,1.0,3.6666666666666665,0.0,0.0,0.0,0.0,0.0,1.0,0.3333333333333333,1.0,0.3333333333333333,2.6666666666666665,1.0,1.0,1.0,0.6666666666666666,3.6666666666666665,0.0,0.0,0.0,0.0,0.0,1.0,1.0,1.0,1.0,4.0,0.3333333333333333,0.0,0.0,0.0,0.3333333333333333,17.666666666666668
310,1.0,0.0,1.0,1.0,3.0,0.6666666666666666,1.0,0.6666666666666666,0.6666666666666666,3.0,0.0,0.0,1.0,0.3333333333333333,1.3333333333333333,1.0,1.0,1.0,0.6666666666666666,3.6666666666666665,1.0,1.0,1.0,1.0,4.0,0.0,0.0,1.0,0.0,1.0,1.0,1.0,1.0,1.0,4.0,1.0,0.6666666666666666,0.6666666666666666,1.0,3.3333333333333335,23.333333333333332
313,1.0,0.0,1.0,1.0,3.0,1.0,0.6666666666666666,1.0,1.0,3.6666666666666665,0.0,0.0,0.0,0.0,0.0,1.0,0.6666666666666666,1.0,0.0,2.6666666666666665,1.0,1.0,1.0,1.0,4.0,0.0,0.0,0.0,0.0,0.0,1.0,0.3333333333333333,1.0,1.0,3.3333333333333335,0.0,0.0,0.0,0.0,0.0,16.666666666666668
315,1.0,0.3333333333333333,1.0,1.0,3.3333333333333335,1.0,1.0,1.0,1.0,4.0,0.0,0.0,1.0,0.3333333333333333,1.3333333333333333,1.0,0.6666666666666666,1.0,0.6666666666666666,3.3333333333333335,1.0,1.0,1.0,1.0,4.0,0.0,0.0,0.0,0.0,0.0,1.0,1.0,1.0,1.0,4.0,0.3333333333333333,0.0,0.3333333333333333,0.3333333333333333,1.0,21.0
316,1.0,0.0,1.0,1.0,3.0,1.0,1.0,1.0,1.0,4.0,0.0,0.0,0.3333333333333333,0.3333333333333333,0.6666666666666666,1.0,0.6666666666666666,1.0,0.3333333333333333,3.0,1.0,1.0,1.0,1.0,4.0,0.0,0.0,0.0,0.0,0.0,1.0,1.0,1.0,1.0,4.0,0.3333333333333333,0.0,0.0,0.3333333333333333,0.6666666666666666,19.333333333333332
317,1.0,0.0,1.0,1.0,3.0,1.0,1.0,1.0,1.0,4.0,0.0,0.0,0.0,0.0,0.0,1.0,0.6666666666666666,1.0,0.0,2.6666666666666665,1.0,1.0,1.0,1.0,4.0,0.0,0.0,0.3333333333333333,0.3333333333333333,0.6666666666666666,1.0,1.0,1.0,1.0,4.0,0.3333333333333333,0.6666666666666666,0.0,0.3333333333333333,1.3333333333333333,19.666666666666668
319,1.0,0.0,1.0,1.0,3.0,1.0,1.0,1.0,1.0,4.0,0.0,0.0,0.0,0.0,0.0,1.0,1.0,1.0,0.0,3.0,1.0,1.0,1.0,1.0,4.0,0.0,0.0,1.0,0.0,1.0,1.0,0.6666666666666666,1.0,1.0,3.6666666666666665,0.6666666666666666,0.0,0.0,0.6666666666666666,1.3333333333333333,20.0
320,1.0,0.0,1.0,1.0,3.0,1.0,1.0,1.0,1.0,4.0,0.0,0.0,0.0,0.0,0.0,1.0,0.6666666666666666,1.0,0.0,2.6666666666666665,1.0,1.0,1.0,1.0,4.0,0.0,0.0,0.0,0.0,0.0,1.0,0.6666666666666666,1.0,1.0,3.6666666666666665,0.6666666666666666,0.0,0.0,0.3333333333333333,1.0,18.333333333333332
324,1.0,0.0,1.0,1.0,3.0,1.0,1.0,1.0,1.0,4.0,0.0,0.0,0.0,0.0,0.0,0.6666666666666666,0.3333333333333333,0.6666666666666666,0.0,1.6666666666666667,1.0,1.0,1.0,0.6666666666666666,3.6666666666666665,0.0,0.0,0.0,0.0,0.0,1.0,0.6666666666666666,1.0,1.0,3.6666666666666665,0.0,0.0,0.0,0.0,0.0,16.0
326,1.0,0.0,1.0,1.0,3.0,1.0,1.0,1.0,1.0,4.0,0.0,0.0,0.0,0.0,0.0,0.6666666666666666,0.3333333333333333,0.6666666666666666,0.0,1.6666666666666667,1.0,1.0,1.0,1.0,4.0,0.0,0.0,0.0,0.0,0.0,1.0,0.3333333333333333,1.0,1.0,3.3333333333333335,0.0,0.0,0.0,0.3333333333333333,0.3333333333333333,16.333333333333332
327,0.0,0.0,0.0,0.0,0.0,0.0,0.0,0.3333333333333333,0.0,0.3333333333333333,0.0,0.0,0.0,0.0,0.0,0.0,0.0,0.0,0.0,0.0,0.0,0.0,0.0,0.0,0.0,0.0,0.0,0.0,0.0,0.0,0.3333333333333333,0.0,0.3333333333333333,0.3333333333333333,1.0,0.0,0.0,0.0,0.0,0.0,1.3333333333333333
331,0.0,0.0,0.0,0.0,0.0,0.6666666666666666,0.0,0.3333333333333333,0.6666666666666666,1.6666666666666667,0.0,0.0,0.0,0.0,0.0,0.0,0.0,0.0,0.0,0.0,0.0,0.0,0.0,0.0,0.0,0.0,0.0,0.0,0.0,0.0,0.6666666666666666,0.3333333333333333,0.6666666666666666,0.6666666666666666,2.3333333333333335,0.3333333333333333,0.3333333333333333,0.0,0.0,0.6666666666666666,4.666666666666667
333,1.0,0.0,1.0,1.0,3.0,1.0,1.0,1.0,1.0,4.0,0.0,0.0,0.0,0.3333333333333333,0.3333333333333333,1.0,0.3333333333333333,1.0,0.0,2.3333333333333335,1.0,1.0,1.0,1.0,4.0,0.0,0.0,0.0,0.0,0.0,1.0,1.0,1.0,1.0,4.0,0.3333333333333333,0.0,0.0,0.3333333333333333,0.6666666666666666,18.333333333333332
335,1.0,0.0,1.0,1.0,3.0,1.0,1.0,1.0,1.0,4.0,0.0,0.0,0.0,0.0,0.0,0.6666666666666666,0.3333333333333333,0.6666666666666666,0.0,1.6666666666666667,1.0,1.0,1.0,1.0,4.0,0.0,0.0,0.0,0.0,0.0,1.0,0.6666666666666666,0.6666666666666666,0.6666666666666666,3.0,0.0,0.0,0.0,0.0,0.0,15.666666666666666
338,1.0,0.0,1.0,1.0,3.0,1.0,1.0,1.0,1.0,4.0,0.0,0.0,0.0,0.3333333333333333,0.3333333333333333,1.0,0.3333333333333333,1.0,0.0,2.3333333333333335,1.0,1.0,1.0,1.0,4.0,0.0,0.0,0.0,0.0,0.0,1.0,1.0,1.0,1.0,4.0,0.3333333333333333,0.0,0.0,0.3333333333333333,0.6666666666666666,18.333333333333332
340,0.0,0.0,0.0,0.0,0.0,0.0,0.0,0.0,0.0,0.0,0.0,0.0,0.0,0.0,0.0,0.6666666666666666,0.6666666666666666,0.6666666666666666,0.0,2.0,0.3333333333333333,0.3333333333333333,0.3333333333333333,1.0,2.0,0.0,0.0,0.0,0.3333333333333333,0.3333333333333333,0.3333333333333333,0.3333333333333333,0.6666666666666666,0.6666666666666666,2.0,0.3333333333333333,0.3333333333333333,0.0,0.0,0.6666666666666666,7.0
342,0.0,0.0,0.0,0.3333333333333333,0.3333333333333333,0.3333333333333333,0.6666666666666666,1.0,1.0,3.0,0.0,0.0,0.0,0.0,0.0,0.0,0.0,0.0,0.0,0.0,0.3333333333333333,0.3333333333333333,0.3333333333333333,0.3333333333333333,1.3333333333333333,0.0,0.0,0.0,0.0,0.0,1.0,0.0,1.0,1.0,3.0,0.0,0.0,0.0,0.0,0.0,7.666666666666667
343,1.0,0.0,1.0,1.0,3.0,1.0,1.0,1.0,1.0,4.0,0.0,0.0,0.0,0.3333333333333333,0.3333333333333333,1.0,0.3333333333333333,1.0,0.0,2.3333333333333335,1.0,1.0,1.0,1.0,4.0,0.0,0.0,0.0,0.3333333333333333,0.3333333333333333,1.0,0.6666666666666666,1.0,1.0,3.6666666666666665,0.6666666666666666,0.0,0.0,0.3333333333333333,1.0,18.666666666666668
349,0.3333333333333333,0.0,0.3333333333333333,0.3333333333333333,1.0,1.0,0.3333333333333333,0.6666666666666666,1.0,3.0,0.0,0.0,0.0,0.0,0.0,0.0,0.0,0.0,0.0,0.0,0.0,0.0,0.3333333333333333,0.3333333333333333,0.6666666666666666,0.3333333333333333,0.3333333333333333,0.3333333333333333,0.3333333333333333,1.3333333333333333,0.0,0.6666666666666666,0.0,0.3333333333333333,1.0,0.0,0.0,0.0,0.3333333333333333,0.3333333333333333,7.333333333333333
351,0.0,0.0,0.0,0.0,0.0,1.0,0.3333333333333333,1.0,1.0,3.3333333333333335,0.0,0.0,0.0,0.0,0.0,0.0,0.0,0.0,0.0,0.0,0.0,0.0,0.0,0.0,0.0,0.0,0.0,0.0,0.0,0.0,0.6666666666666666,0.6666666666666666,0.6666666666666666,1.0,3.0,0.0,0.0,0.0,0.0,0.0,6.333333333333333
353,1.0,0.0,1.0,1.0,3.0,1.0,1.0,1.0,1.0,4.0,0.0,0.0,1.0,0.3333333333333333,1.3333333333333333,1.0,0.3333333333333333,1.0,0.3333333333333333,2.6666666666666665,1.0,1.0,1.0,1.0,4.0,0.0,0.0,0.0,0.0,0.0,1.0,1.0,1.0,1.0,4.0,0.3333333333333333,0.0,0.0,0.3333333333333333,0.6666666666666666,19.666666666666668
354,1.0,0.3333333333333333,1.0,1.0,3.3333333333333335,1.0,1.0,1.0,1.0,4.0,0.0,0.0,0.0,0.0,0.0,1.0,0.6666666666666666,1.0,0.0,2.6666666666666665,1.0,1.0,1.0,1.0,4.0,0.3333333333333333,0.0,0.0,0.6666666666666666,1.0,1.0,0.6666666666666666,1.0,1.0,3.6666666666666665,0.6666666666666666,0.0,0.0,1.0,1.6666666666666667,20.333333333333332
355,1.0,0.3333333333333333,1.0,1.0,3.3333333333333335,1.0,1.0,1.0,1.0,4.0,0.0,0.0,0.3333333333333333,0.0,0.3333333333333333,1.0,0.6666666666666666,1.0,1.0,3.6666666666666665,1.0,1.0,1.0,1.0,4.0,0.0,0.0,1.0,0.3333333333333333,1.3333333333333333,1.0,1.0,1.0,1.0,4.0,0.6666666666666666,0.0,0.0,0.3333333333333333,1.0,21.666666666666668
358,1.0,0.0,1.0,0.6666666666666666,2.6666666666666665,1.0,0.6666666666666666,1.0,1.0,3.6666666666666665,0.0,0.0,0.0,0.0,0.0,0.3333333333333333,0.0,0.6666666666666666,0.0,1.0,1.0,1.0,1.0,1.0,4.0,0.0,0.0,0.0,0.0,0.0,1.0,0.3333333333333333,0.6666666666666666,1.0,3.0,0.0,0.0,0.0,0.0,0.0,14.333333333333334
359,1.0,0.0,1.0,1.0,3.0,1.0,1.0,1.0,1.0,4.0,0.0,0.0,0.0,0.0,0.0,1.0,0.6666666666666666,1.0,0.0,2.6666666666666665,1.0,1.0,1.0,1.0,4.0,0.0,0.0,0.0,0.6666666666666666,0.6666666666666666,1.0,0.6666666666666666,1.0,0.6666666666666666,3.3333333333333335,0.3333333333333333,0.0,0.0,0.3333333333333333,0.6666666666666666,18.333333333333332
362,1.0,0.0,1.0,1.0,3.0,1.0,1.0,1.0,1.0,4.0,0.0,0.0,0.6666666666666666,0.0,0.6666666666666666,1.0,0.6666666666666666,1.0,0.3333333333333333,3.0,1.0,1.0,1.0,1.0,4.0,0.0,0.0,0.3333333333333333,0.0,0.3333333333333333,0.6666666666666666,0.6666666666666666,1.0,0.6666666666666666,3.0,1.0,0.3333333333333333,0.0,0.6666666666666666,2.0,20.0
363,1.0,0.0,1.0,1.0,3.0,1.0,0.6666666666666666,1.0,1.0,3.6666666666666665,0.0,0.0,0.0,0.3333333333333333,0.3333333333333333,1.0,1.0,1.0,0.0,3.0,1.0,1.0,1.0,1.0,4.0,0.3333333333333333,0.0,0.3333333333333333,0.0,0.6666666666666666,1.0,1.0,1.0,1.0,4.0,0.3333333333333333,0.0,0.0,1.0,1.3333333333333333,20.0
367,1.0,0.0,1.0,1.0,3.0,1.0,1.0,1.0,1.0,4.0,0.0,0.0,0.6666666666666666,1.0,1.6666666666666667,1.0,0.6666666666666666,1.0,1.0,3.6666666666666665,1.0,1.0,1.0,1.0,4.0,0.0,0.0,0.6666666666666666,0.3333333333333333,1.0,1.0,1.0,1.0,0.6666666666666666,3.6666666666666665,0.6666666666666666,0.3333333333333333,0.3333333333333333,0.6666666666666666,2.0,23.0
369,1.0,0.0,1.0,1.0,3.0,1.0,1.0,1.0,1.0,4.0,0.0,0.0,0.0,0.0,0.0,1.0,0.3333333333333333,1.0,0.6666666666666666,3.0,1.0,1.0,1.0,0.3333333333333333,3.3333333333333335,0.0,0.0,0.0,0.0,0.0,1.0,1.0,1.0,1.0,4.0,0.3333333333333333,0.0,0.0,0.3333333333333333,0.6666666666666666,18.0
371,1.0,0.6666666666666666,1.0,1.0,3.6666666666666665,1.0,1.0,1.0,1.0,4.0,0.0,0.0,0.3333333333333333,0.3333333333333333,0.6666666666666666,1.0,1.0,1.0,1.0,4.0,1.0,1.0,1.0,1.0,4.0,0.0,0.0,1.0,0.3333333333333333,1.3333333333333333,1.0,1.0,1.0,1.0,4.0,0.6666666666666666,0.3333333333333333,0.3333333333333333,0.3333333333333333,1.6666666666666667,23.333333333333332
383,0.3333333333333333,0.0,0.6666666666666666,0.6666666666666666,1.6666666666666667,1.0,0.0,1.0,1.0,3.0,0.0,0.0,0.0,0.0,0.0,0.6666666666666666,0.0,0.6666666666666666,0.0,1.3333333333333333,1.0,1.0,1.0,1.0,4.0,1.0,0.3333333333333333,1.0,0.0,2.3333333333333335,0.6666666666666666,0.3333333333333333,0.6666666666666666,0.6666666666666666,2.3333333333333335,0.0,0.0,0.0,0.6666666666666666,0.6666666666666666,15.333333333333334
385,1.0,1.0,1.0,1.0,4.0,1.0,1.0,1.0,1.0,4.0,1.0,0.0,0.6666666666666666,0.6666666666666666,2.3333333333333335,1.0,0.3333333333333333,0.6666666666666666,0.3333333333333333,2.3333333333333335,1.0,1.0,1.0,0.6666666666666666,3.6666666666666665,0.0,0.0,0.3333333333333333,0.0,0.3333333333333333,1.0,1.0,1.0,1.0,4.0,0.6666666666666666,0.0,0.0,0.3333333333333333,1.0,21.666666666666668
387,1.0,0.0,1.0,1.0,3.0,1.0,1.0,1.0,1.0,4.0,0.0,0.0,0.3333333333333333,0.0,0.3333333333333333,1.0,1.0,1.0,0.0,3.0,1.0,1.0,1.0,1.0,4.0,0.0,0.0,0.0,0.0,0.0,1.0,0.6666666666666666,1.0,1.0,3.6666666666666665,0.0,0.0,0.0,0.0,0.0,18.0
388,0.6666666666666666,0.0,0.6666666666666666,1.0,2.3333333333333335,1.0,1.0,0.3333333333333333,1.0,3.3333333333333335,0.0,0.0,0.3333333333333333,0.0,0.3333333333333333,1.0,0.6666666666666666,1.0,0.0,2.6666666666666665,1.0,1.0,1.0,1.0,4.0,0.0,0.0,0.0,0.0,0.0,1.0,1.0,1.0,1.0,4.0,0.6666666666666666,0.0,0.0,0.3333333333333333,1.0,17.666666666666668
389,1.0,0.0,1.0,1.0,3.0,1.0,1.0,1.0,1.0,4.0,0.0,0.0,0.0,0.0,0.0,1.0,0.6666666666666666,1.0,1.0,3.6666666666666665,1.0,1.0,1.0,0.6666666666666666,3.6666666666666665,0.0,0.0,0.6666666666666666,0.0,0.6666666666666666,1.0,1.0,1.0,1.0,4.0,0.3333333333333333,0.0,0.0,0.6666666666666666,1.0,20.0
391,1.0,0.0,1.0,1.0,3.0,1.0,1.0,1.0,1.0,4.0,0.0,0.0,0.0,0.0,0.0,0.6666666666666666,0.6666666666666666,0.6666666666666666,0.0,2.0,1.0,1.0,1.0,1.0,4.0,0.0,0.0,0.6666666666666666,0.0,0.6666666666666666,0.0,0.6666666666666666,0.0,0.0,0.6666666666666666,0.0,0.0,0.0,0.0,0.0,14.333333333333334
394,0.3333333333333333,0.0,1.0,1.0,2.3333333333333335,1.0,1.0,0.0,1.0,3.0,0.0,0.0,0.0,0.0,0.0,0.6666666666666666,0.3333333333333333,0.6666666666666666,0.0,1.6666666666666667,1.0,1.0,1.0,1.0,4.0,0.0,0.0,0.3333333333333333,0.0,0.3333333333333333,1.0,1.0,1.0,0.6666666666666666,3.6666666666666665,0.0,0.0,0.0,0.0,0.0,15.0
396,1.0,0.0,1.0,1.0,3.0,1.0,1.0,1.0,1.0,4.0,0.0,0.0,0.0,0.0,0.0,1.0,0.3333333333333333,1.0,0.0,2.3333333333333335,1.0,1.0,1.0,1.0,4.0,0.3333333333333333,0.0,1.0,0.3333333333333333,1.6666666666666667,1.0,1.0,1.0,1.0,4.0,0.6666666666666666,0.0,0.0,0.6666666666666666,1.3333333333333333,20.333333333333332
397,1.0,0.0,1.0,1.0,3.0,1.0,1.0,1.0,1.0,4.0,0.0,0.0,0.0,0.0,0.0,1.0,1.0,1.0,0.0,3.0,1.0,1.0,1.0,1.0,4.0,0.0,0.3333333333333333,0.6666666666666666,0.0,1.0,1.0,0.6666666666666666,1.0,1.0,3.6666666666666665,0.6666666666666666,0.0,0.0,1.0,1.6666666666666667,20.333333333333332
398,1.0,0.0,1.0,1.0,3.0,1.0,1.0,1.0,1.0,4.0,0.0,0.0,0.0,0.3333333333333333,0.3333333333333333,0.6666666666666666,0.6666666666666666,0.6666666666666666,0.0,2.0,1.0,1.0,1.0,1.0,4.0,0.0,0.0,0.0,0.0,0.0,1.0,0.6666666666666666,1.0,1.0,3.6666666666666665,0.3333333333333333,0.0,0.0,0.3333333333333333,0.6666666666666666,17.666666666666668
399,1.0,0.0,1.0,1.0,3.0,1.0,1.0,1.0,1.0,4.0,0.0,0.0,0.0,0.3333333333333333,0.3333333333333333,1.0,0.3333333333333333,1.0,0.0,2.3333333333333335,1.0,1.0,1.0,1.0,4.0,0.0,0.0,0.0,0.0,0.0,1.0,0.6666666666666666,1.0,1.0,3.6666666666666665,0.6666666666666666,0.0,0.0,0.3333333333333333,1.0,18.333333333333332
400,1.0,0.0,1.0,1.0,3.0,1.0,1.0,1.0,1.0,4.0,0.0,0.0,0.0,0.0,0.0,1.0,0.6666666666666666,1.0,0.0,2.6666666666666665,1.0,1.0,1.0,1.0,4.0,0.0,0.0,0.0,0.0,0.0,1.0,0.3333333333333333,1.0,1.0,3.3333333333333335,0.3333333333333333,0.0,0.0,0.3333333333333333,0.6666666666666666,17.666666666666668
401,1.0,0.3333333333333333,1.0,1.0,3.3333333333333335,1.0,1.0,0.6666666666666666,1.0,3.6666666666666665,0.0,0.0,0.0,0.0,0.0,1.0,0.3333333333333333,1.0,0.3333333333333333,2.6666666666666665,1.0,1.0,1.0,1.0,4.0,0.0,0.0,0.0,0.3333333333333333,0.3333333333333333,1.0,1.0,1.0,1.0,4.0,0.6666666666666666,0.0,0.0,0.6666666666666666,1.3333333333333333,19.333333333333332
402,1.0,0.0,1.0,1.0,3.0,1.0,1.0,1.0,1.0,4.0,0.0,0.0,0.0,0.3333333333333333,0.3333333333333333,0.6666666666666666,0.6666666666666666,0.6666666666666666,0.0,2.0,1.0,1.0,1.0,1.0,4.0,0.0,0.0,0.0,0.0,0.0,1.0,0.6666666666666666,1.0,1.0,3.6666666666666665,0.0,0.0,0.0,0.0,0.0,17.0
406,1.0,0.6666666666666666,1.0,1.0,3.6666666666666665,1.0,1.0,1.0,1.0,4.0,0.0,0.0,0.0,0.3333333333333333,0.3333333333333333,0.6666666666666666,0.6666666666666666,0.6666666666666666,0.3333333333333333,2.3333333333333335,0.0,0.0,0.6666666666666666,0.0,0.6666666666666666,0.0,0.0,0.0,0.0,0.0,1.0,0.3333333333333333,0.6666666666666666,0.6666666666666666,2.6666666666666665,0.0,0.0,0.0,0.0,0.0,13.666666666666666
411,0.6666666666666666,0.0,0.6666666666666666,1.0,2.3333333333333335,0.6666666666666666,1.0,0.6666666666666666,1.0,3.3333333333333335,0.0,0.0,0.6666666666666666,0.3333333333333333,1.0,1.0,1.0,1.0,0.3333333333333333,3.3333333333333335,1.0,1.0,1.0,1.0,4.0,0.0,0.0,1.0,0.0,1.0,1.0,1.0,1.0,1.0,4.0,0.3333333333333333,0.0,0.0,0.3333333333333333,0.6666666666666666,19.666666666666668
413,1.0,0.0,1.0,0.6666666666666666,2.6666666666666665,1.0,1.0,0.6666666666666666,0.6666666666666666,3.3333333333333335,0.0,0.0,0.0,0.3333333333333333,0.3333333333333333,1.0,0.6666666666666666,1.0,0.0,2.6666666666666665,1.0,1.0,1.0,1.0,4.0,0.0,0.0,0.0,0.0,0.0,1.0,0.6666666666666666,1.0,1.0,3.6666666666666665,0.3333333333333333,0.0,0.0,0.0,0.3333333333333333,17.0
415,1.0,0.0,1.0,1.0,3.0,0.6666666666666666,1.0,1.0,1.0,3.6666666666666665,0.0,0.0,0.0,0.3333333333333333,0.3333333333333333,1.0,0.6666666666666666,1.0,0.3333333333333333,3.0,1.0,1.0,1.0,1.0,4.0,0.0,0.0,0.0,0.0,0.0,1.0,1.0,1.0,1.0,4.0,0.0,0.0,0.0,0.0,0.0,18.0
416,1.0,0.0,1.0,1.0,3.0,0.6666666666666666,1.0,1.0,1.0,3.6666666666666665,0.0,0.0,0.3333333333333333,1.0,1.3333333333333333,1.0,0.6666666666666666,1.0,0.0,2.6666666666666665,1.0,1.0,1.0,1.0,4.0,0.0,0.0,0.0,0.0,0.0,1.0,0.6666666666666666,1.0,0.6666666666666666,3.3333333333333335,0.0,0.0,0.0,0.0,0.0,18.0
417,1.0,0.0,1.0,1.0,3.0,1.0,1.0,1.0,1.0,4.0,0.0,0.0,0.0,0.0,0.0,1.0,0.3333333333333333,1.0,0.0,2.3333333333333335,1.0,1.0,1.0,1.0,4.0,0.0,0.0,0.6666666666666666,0.3333333333333333,1.0,1.0,0.3333333333333333,0.6666666666666666,1.0,3.0,0.6666666666666666,0.0,0.0,0.3333333333333333,1.0,18.333333333333332
420,1.0,0.0,1.0,1.0,3.0,1.0,1.0,1.0,1.0,4.0,0.0,0.0,0.0,0.0,0.0,0.6666666666666666,0.3333333333333333,0.6666666666666666,0.0,1.6666666666666667,1.0,1.0,1.0,1.0,4.0,0.0,0.0,0.0,0.0,0.0,1.0,1.0,1.0,1.0,4.0,0.0,0.0,0.0,0.0,0.0,16.666666666666668
424,1.0,0.0,1.0,1.0,3.0,1.0,1.0,1.0,1.0,4.0,0.0,0.0,1.0,0.0,1.0,1.0,0.6666666666666666,1.0,1.0,3.6666666666666665,1.0,1.0,1.0,1.0,4.0,0.0,0.0,0.3333333333333333,0.0,0.3333333333333333,1.0,1.0,1.0,1.0,4.0,0.6666666666666666,0.0,0.0,0.3333333333333333,1.0,21.0
425,1.0,0.0,1.0,1.0,3.0,1.0,1.0,1.0,1.0,4.0,0.0,0.0,0.6666666666666666,0.0,0.6666666666666666,0.6666666666666666,0.3333333333333333,0.6666666666666666,0.0,1.6666666666666667,1.0,1.0,1.0,0.6666666666666666,3.6666666666666665,0.0,0.0,0.0,0.0,0.0,1.0,1.0,1.0,1.0,4.0,0.3333333333333333,0.0,0.0,0.0,0.3333333333333333,17.333333333333332
427,1.0,0.6666666666666666,1.0,1.0,3.6666666666666665,1.0,1.0,1.0,1.0,4.0,0.0,0.0,0.0,0.3333333333333333,0.3333333333333333,1.0,0.6666666666666666,1.0,0.0,2.6666666666666665,1.0,1.0,1.0,1.0,4.0,0.0,0.0,0.0,0.0,0.0,1.0,1.0,1.0,1.0,4.0,0.3333333333333333,0.0,0.0,0.3333333333333333,0.6666666666666666,19.333333333333332
428,1.0,0.0,1.0,1.0,3.0,1.0,1.0,1.0,1.0,4.0,0.0,0.0,0.0,0.0,0.0,0.6666666666666666,0.6666666666666666,0.6666666666666666,0.3333333333333333,2.3333333333333335,1.0,1.0,1.0,1.0,4.0,0.0,0.0,0.3333333333333333,0.0,0.3333333333333333,1.0,1.0,1.0,1.0,4.0,0.6666666666666666,0.3333333333333333,0.3333333333333333,0.6666666666666666,2.0,19.666666666666668
429,1.0,0.0,1.0,1.0,3.0,1.0,1.0,1.0,1.0,4.0,0.0,0.0,0.0,0.3333333333333333,0.3333333333333333,1.0,0.6666666666666666,1.0,0.0,2.6666666666666665,1.0,1.0,1.0,1.0,4.0,0.0,0.0,0.0,0.0,0.0,1.0,0.6666666666666666,1.0,1.0,3.6666666666666665,0.3333333333333333,0.0,0.0,0.3333333333333333,0.6666666666666666,18.333333333333332
430,1.0,0.0,1.0,1.0,3.0,1.0,1.0,0.6666666666666666,1.0,3.6666666666666665,0.0,0.0,0.0,0.0,0.0,1.0,1.0,1.0,0.6666666666666666,3.6666666666666665,1.0,1.0,1.0,1.0,4.0,0.0,0.0,0.3333333333333333,0.0,0.3333333333333333,1.0,1.0,1.0,1.0,4.0,0.6666666666666666,0.0,0.0,0.6666666666666666,1.3333333333333333,20.0
432,1.0,0.0,1.0,1.0,3.0,1.0,1.0,1.0,1.0,4.0,0.0,0.0,0.0,0.3333333333333333,0.3333333333333333,1.0,1.0,1.0,0.0,3.0,1.0,1.0,1.0,1.0,4.0,0.6666666666666666,0.0,0.0,0.0,0.6666666666666666,1.0,0.6666666666666666,0.6666666666666666,1.0,3.3333333333333335,0.6666666666666666,0.0,0.0,0.6666666666666666,1.3333333333333333,19.666666666666668
433,1.0,0.0,1.0,1.0,3.0,1.0,1.0,1.0,1.0,4.0,0.0,0.0,0.0,0.3333333333333333,0.3333333333333333,1.0,0.6666666666666666,1.0,0.0,2.6666666666666665,1.0,1.0,1.0,1.0,4.0,0.0,0.0,0.0,0.0,0.0,1.0,0.6666666666666666,0.6666666666666666,1.0,3.3333333333333335,0.6666666666666666,0.0,0.0,0.6666666666666666,1.3333333333333333,18.666666666666668
434,1.0,0.0,1.0,1.0,3.0,1.0,1.0,1.0,1.0,4.0,0.0,0.0,0.0,0.3333333333333333,0.3333333333333333,1.0,0.3333333333333333,1.0,0.0,2.3333333333333335,1.0,1.0,1.0,1.0,4.0,0.0,0.0,0.0,0.0,0.0,1.0,0.6666666666666666,1.0,1.0,3.6666666666666665,0.3333333333333333,1.0,0.0,0.3333333333333333,1.6666666666666667,19.0
436,1.0,0.0,1.0,1.0,3.0,1.0,0.6666666666666666,1.0,1.0,3.6666666666666665,0.0,0.0,0.0,0.0,0.0,1.0,0.6666666666666666,1.0,0.0,2.6666666666666665,1.0,1.0,1.0,1.0,4.0,0.0,0.0,0.0,0.0,0.0,1.0,0.3333333333333333,1.0,1.0,3.3333333333333335,0.3333333333333333,0.0,0.0,0.3333333333333333,0.6666666666666666,17.333333333333332
439,1.0,0.0,1.0,1.0,3.0,1.0,1.0,1.0,1.0,4.0,0.0,0.0,0.0,0.3333333333333333,0.3333333333333333,0.6666666666666666,1.0,1.0,0.0,2.6666666666666665,1.0,1.0,1.0,1.0,4.0,0.0,0.0,0.0,0.0,0.0,1.0,1.0,1.0,1.0,4.0,0.3333333333333333,0.0,0.0,0.3333333333333333,0.6666666666666666,18.666666666666668
442,1.0,0.0,1.0,1.0,3.0,1.0,1.0,0.6666666666666666,1.0,3.6666666666666665,0.0,0.0,0.0,0.0,0.0,1.0,0.6666666666666666,1.0,1.0,3.6666666666666665,1.0,1.0,1.0,1.0,4.0,0.0,0.0,1.0,0.0,1.0,1.0,1.0,1.0,0.6666666666666666,3.6666666666666665,0.0,0.0,0.0,0.0,0.0,19.0
444,1.0,0.0,1.0,1.0,3.0,1.0,1.0,1.0,1.0,4.0,0.0,0.0,0.0,0.0,0.0,0.6666666666666666,0.6666666666666666,0.6666666666666666,0.0,2.0,1.0,1.0,1.0,1.0,4.0,0.0,0.0,0.0,0.0,0.0,1.0,1.0,1.0,1.0,4.0,0.0,0.0,0.0,0.3333333333333333,0.3333333333333333,17.333333333333332
446,1.0,0.3333333333333333,1.0,1.0,3.3333333333333335,1.0,1.0,1.0,1.0,4.0,0.0,0.0,0.0,0.0,0.0,1.0,0.6666666666666666,1.0,0.0,2.6666666666666665,1.0,1.0,1.0,1.0,4.0,0.0,0.0,0.3333333333333333,0.0,0.3333333333333333,1.0,0.6666666666666666,1.0,1.0,3.6666666666666665,0.6666666666666666,0.0,0.0,0.6666666666666666,1.3333333333333333,19.333333333333332
