session_id,gemini_A1,anthropic_A1,openai_A1,avg_A1,gemini_A2,anthropic_A2,openai_A2,avg_A2,gemini_A3,anthropic_A3,openai_A3,avg_A3,gemini_B1,anthropic_B1,openai_B1,avg_B1,gemini_B2,anthropic_B2,openai_B2,avg_B2,gemini_B3,anthropic_B3,openai_B3,avg_B3,gemini_C1,anthropic_C1,openai_C1,avg_C1,gemini_C2,anthropic_C2,openai_C2,avg_C2,gemini_total,anthropic_total,openai_total,avg_total
37,4.0,4,4,4.0,5.0,4,5,4.666666666666667,1.0,1,1,1.0,3.0,4,3,3.3333333333333335,5.0,5,5,5.0,1.0,1,1,1.0,3.0,4,5,4.0,1.0,2,1,1.3333333333333333,23.0,25,25,24.333333333333332
38,4.0,4,5,4.333333333333333,5.0,4,5,4.666666666666667,1.0,1,1,1.0,3.0,3,3,3.0,5.0,5,5,5.0,1.0,1,1,1.0,5.0,4,5,4.666666666666667,1.0,3,1,1.6666666666666667,25.0,25,26,25.333333333333332
39,4.0,3,4,3.6666666666666665,5.0,4,5,4.666666666666667,1.0,1,1,1.0,3.0,4,4,3.6666666666666665,5.0,5,5,5.0,2.0,3,2,2.3333333333333335,4.0,4,5,4.333333333333333,1.0,3,3,2.3333333333333335,25.0,27,29,27.0
40,1.0,1,2,1.3333333333333333,3.0,1,4,2.6666666666666665,1.0,1,1,1.0,1.0,1,4,2.0,1.0,5,5,3.6666666666666665,1.0,4,4,3.0,3.0,1,5,3.0,1.0,1,1,1.0,12.0,15,26,17.666666666666668
41,4.0,3,4,3.6666666666666665,5.0,4,5,4.666666666666667,1.0,1,1,1.0,3.0,3,3,3.0,5.0,5,5,5.0,1.0,1,1,1.0,5.0,4,4,4.333333333333333,1.0,3,1,1.6666666666666667,25.0,24,24,24.333333333333332
42,4.0,3,3,3.3333333333333335,5.0,4,4,4.333333333333333,1.0,1,1,1.0,2.0,4,3,3.0,5.0,5,5,5.0,2.0,3,3,2.6666666666666665,4.0,4,4,4.0,1.0,1,1,1.0,24.0,25,24,24.333333333333332
44,3.0,1,3,2.3333333333333335,2.0,1,1,1.3333333333333333,1.0,1,1,1.0,3.0,4,4,3.6666666666666665,5.0,5,5,5.0,2.0,3,3,2.6666666666666665,4.0,1,5,3.3333333333333335,1.0,3,2,2.0,21.0,19,24,21.333333333333332
45,4.0,4,3,3.6666666666666665,5.0,4,4,4.333333333333333,1.0,1,1,1.0,3.0,3,4,3.3333333333333335,5.0,5,5,5.0,1.0,1,2,1.3333333333333333,4.0,4,5,4.333333333333333,2.0,2,2,2.0,25.0,24,26,25.0
46,4.0,1,4,3.0,5.0,3,5,4.333333333333333,1.0,1,1,1.0,1.0,1,3,1.6666666666666667,1.0,1,1,1.0,1.0,1,1,1.0,4.0,1,3,2.6666666666666665,1.0,1,1,1.0,18.0,10,19,15.666666666666666
47,3.0,2,4,3.0,4.0,1,5,3.3333333333333335,1.0,1,1,1.0,1.0,2,1,1.3333333333333333,1.0,1,1,1.0,1.0,1,1,1.0,5.0,1,4,3.3333333333333335,3.0,2,1,2.0,19.0,11,18,16.0
48,3.0,4,4,3.6666666666666665,5.0,4,5,4.666666666666667,1.0,1,1,1.0,2.0,4,4,3.3333333333333335,5.0,5,5,5.0,1.0,3,2,2.0,4.0,4,5,4.333333333333333,1.0,3,3,2.3333333333333335,22.0,28,29,26.333333333333332
50,4.0,4,4,4.0,5.0,5,5,5.0,1.0,1,1,1.0,1.0,4,2,2.3333333333333335,3.0,4,4,3.6666666666666665,1.0,1,1,1.0,4.0,5,5,4.666666666666667,1.0,1,1,1.0,20.0,25,23,22.666666666666668
51,4.0,4,4,4.0,5.0,4,5,4.666666666666667,2.0,1,2,1.6666666666666667,3.0,4,3,3.3333333333333335,5.0,5,5,5.0,4.0,4,4,4.0,5.0,5,5,5.0,2.0,3,1,2.0,30.0,30,29,29.666666666666668
52,4.0,4,4,4.0,5.0,4,5,4.666666666666667,1.0,1,1,1.0,3.0,4,4,3.6666666666666665,5.0,5,5,5.0,3.0,4,3,3.3333333333333335,5.0,4,4,4.333333333333333,2.0,3,2,2.3333333333333335,28.0,29,28,28.333333333333332
53,4.0,3,3,3.3333333333333335,5.0,2,4,3.6666666666666665,1.0,1,1,1.0,2.0,4,3,3.0,5.0,5,5,5.0,1.0,3,2,2.0,5.0,4,5,4.666666666666667,1.0,3,2,2.0,24.0,25,25,24.666666666666668
54,4.0,3,4,3.6666666666666665,5.0,4,5,4.666666666666667,1.0,1,1,1.0,3.0,4,4,3.6666666666666665,5.0,5,5,5.0,1.0,1,1,1.0,3.0,4,4,3.6666666666666665,1.0,2,2,1.6666666666666667,23.0,24,26,24.333333333333332
55,4.0,4,4,4.0,3.0,2,5,3.3333333333333335,2.0,2,2,2.0,3.0,5,5,4.333333333333333,5.0,5,5,5.0,5.0,4,4,4.333333333333333,5.0,4,5,4.666666666666667,4.0,3,3,3.3333333333333335,31.0,29,33,31.0
56,4.0,3,4,3.6666666666666665,5.0,4,5,4.666666666666667,1.0,1,1,1.0,3.0,4,3,3.3333333333333335,5.0,5,5,5.0,2.0,4,2,2.6666666666666665,5.0,5,5,5.0,3.0,3,2,2.6666666666666665,28.0,29,27,28.0
57,4.0,4,4,4.0,4.0,4,5,4.333333333333333,1.0,1,1,1.0,2.0,4,4,3.3333333333333335,5.0,5,5,5.0,3.0,4,3,3.3333333333333335,4.0,4,5,4.333333333333333,1.0,3,2,2.0,24.0,29,29,27.333333333333332
58,4.0,3,4,3.6666666666666665,5.0,4,5,4.666666666666667,1.0,1,2,1.3333333333333333,4.0,4,4,4.0,5.0,5,5,5.0,1.0,4,4,3.0,5.0,5,5,5.0,3.0,3,2,2.6666666666666665,28.0,29,31,29.333333333333332
60,3.0,4,3,3.3333333333333335,4.0,4,5,4.333333333333333,1.0,1,1,1.0,3.0,3,4,3.3333333333333335,5.0,5,5,5.0,1.0,1,1,1.0,4.0,4,4,4.0,1.0,2,1,1.3333333333333333,22.0,24,24,23.333333333333332
61,4.0,4,4,4.0,4.0,4,4,4.0,1.0,1,2,1.3333333333333333,3.0,4,3,3.3333333333333335,5.0,5,5,5.0,3.0,4,5,4.0,5.0,5,5,5.0,3.0,3,3,3.0,28.0,30,31,29.666666666666668
64,4.0,1,1,2.0,4.0,1,1,2.0,2.0,1,1,1.3333333333333333,4.0,1,1,2.0,5.0,1,1,2.3333333333333335,2.0,1,1,1.3333333333333333,4.0,1,1,2.0,3.0,1,1,1.6666666666666667,28.0,8,8,14.666666666666666
65,1.0,1,3,1.6666666666666667,1.0,1,1,1.0,1.0,1,1,1.0,1.0,1,1,1.0,1.0,1,1,1.0,1.0,1,1,1.0,5.0,1,4,3.3333333333333335,1.0,1,2,1.3333333333333333,12.0,8,14,11.333333333333334
66,1.0,1,1,1.0,5.0,4,4,4.333333333333333,1.0,1,1,1.0,1.0,1,1,1.0,1.0,1,1,1.0,1.0,1,1,1.0,4.0,2,4,3.3333333333333335,1.0,1,2,1.3333333333333333,15.0,12,15,14.0
72,4.0,1,1,2.0,4.0,2,1,2.3333333333333335,3.0,1,1,1.6666666666666667,4.0,2,1,2.3333333333333335,5.0,1,1,2.3333333333333335,3.0,1,1,1.6666666666666667,5.0,3,2,3.3333333333333335,4.0,1,1,2.0,32.0,12,9,17.666666666666668
73,4.0,5,4,4.333333333333333,5.0,5,5,5.0,2.0,2,2,2.0,4.0,5,4,4.333333333333333,5.0,5,5,5.0,3.0,5,2,3.3333333333333335,5.0,5,5,5.0,4.0,5,3,4.0,32.0,37,30,33.0
74,4.0,4,4,4.0,5.0,5,5,5.0,2.0,2,2,2.0,3.0,5,5,4.333333333333333,4.0,5,5,4.666666666666667,2.0,3,2,2.3333333333333335,5.0,5,5,5.0,3.0,5,3,3.6666666666666665,28.0,34,31,31.0
75,4.0,4,5,4.333333333333333,5.0,5,5,5.0,2.0,2,3,2.3333333333333335,4.0,5,5,4.666666666666667,5.0,5,5,5.0,4.0,4,4,4.0,5.0,5,5,5.0,3.0,5,3,3.6666666666666665,32.0,35,35,34.0
76,4.0,4,4,4.0,5.0,4,4,4.333333333333333,1.0,1,2,1.3333333333333333,3.0,4,3,3.3333333333333335,5.0,5,5,5.0,3.0,3,3,3.0,5.0,5,5,5.0,3.0,3,2,2.6666666666666665,29.0,29,28,28.666666666666668
78,4.0,4,4,4.0,5.0,5,5,5.0,1.0,1,1,1.0,3.0,4,4,3.6666666666666665,5.0,5,5,5.0,4.0,5,5,4.666666666666667,2.0,5,5,4.0,3.0,4,3,3.3333333333333335,27.0,33,32,30.666666666666668
79,4.0,4,5,4.333333333333333,5.0,5,5,5.0,1.0,1,2,1.3333333333333333,3.0,4,3,3.3333333333333335,5.0,5,5,5.0,1.0,1,1,1.0,4.0,5,5,4.666666666666667,1.0,1,1,1.0,24.0,26,27,25.666666666666668
81,4.0,4,4,4.0,5.0,5,5,5.0,1.0,1,1,1.0,1.0,4,3,2.6666666666666665,5.0,5,5,5.0,1.0,1,1,1.0,5.0,5,5,5.0,1.0,1,1,1.0,23.0,26,25,24.666666666666668
82,4.0,4,4,4.0,5.0,5,5,5.0,1.0,1,1,1.0,4.0,4,4,4.0,5.0,5,5,5.0,2.0,1,2,1.6666666666666667,3.0,4,5,4.0,1.0,3,1,1.6666666666666667,25.0,27,27,26.333333333333332
83,4.0,3,4,3.6666666666666665,5.0,4,5,4.666666666666667,1.0,2,1,1.3333333333333333,3.0,5,4,4.0,5.0,5,5,5.0,2.0,2,2,2.0,4.0,5,5,4.666666666666667,1.0,3,2,2.0,25.0,29,28,27.333333333333332
91,4.0,4,4,4.0,5.0,4,5,4.666666666666667,1.0,1,1,1.0,4.0,4,4,4.0,5.0,5,5,5.0,2.0,4,2,2.6666666666666665,5.0,5,5,5.0,2.0,3,2,2.3333333333333335,28.0,30,28,28.666666666666668
92,4.0,4,4,4.0,4.0,4,4,4.0,1.0,2,2,1.6666666666666667,5.0,5,5,5.0,5.0,5,5,5.0,3.0,3,3,3.0,2.0,5,5,4.0,3.0,5,3,3.6666666666666665,27.0,33,31,30.333333333333332
94,3.0,4,3,3.3333333333333335,5.0,4,5,4.666666666666667,1.0,1,1,1.0,3.0,4,3,3.3333333333333335,5.0,5,5,5.0,1.0,1,1,1.0,4.0,4,5,4.333333333333333,2.0,3,1,2.0,24.0,26,24,24.666666666666668
95,4.0,4,4,4.0,5.0,5,5,5.0,1.0,1,1,1.0,1.0,5,5,3.6666666666666665,1.0,5,5,3.6666666666666665,1.0,2,1,1.3333333333333333,1.0,1,5,2.3333333333333335,1.0,3,1,1.6666666666666667,15.0,26,27,22.666666666666668
96,4.0,2,4,3.3333333333333335,5.0,3,5,4.333333333333333,1.0,1,1,1.0,3.0,3,3,3.0,5.0,5,5,5.0,2.0,2,3,2.3333333333333335,1.0,2,4,2.3333333333333335,1.0,4,2,2.3333333333333335,22.0,22,27,23.666666666666668
97,3.0,3,3,3.0,2.0,1,4,2.3333333333333335,1.0,1,1,1.0,1.0,2,1,1.3333333333333333,1.0,1,1,1.0,1.0,1,1,1.0,5.0,3,5,4.333333333333333,1.0,2,1,1.3333333333333333,15.0,14,17,15.333333333333334
98,1.0,1,1,1.0,5.0,1,5,3.6666666666666665,1.0,1,1,1.0,1.0,1,1,1.0,1.0,1,1,1.0,1.0,1,1,1.0,2.0,1,2,1.6666666666666667,1.0,1,1,1.0,13.0,8,13,11.333333333333334
99,4.0,1,4,3.0,5.0,4,5,4.666666666666667,1.0,1,1,1.0,3.0,3,3,3.0,5.0,5,5,5.0,2.0,2,2,2.0,4.0,4,5,4.333333333333333,1.0,2,2,1.6666666666666667,25.0,22,27,24.666666666666668
100,1.0,1,1,1.0,1.0,1,1,1.0,1.0,1,1,1.0,1.0,2,1,1.3333333333333333,1.0,1,1,1.0,1.0,1,1,1.0,2.0,2,4,2.6666666666666665,1.0,1,1,1.0,9.0,10,11,10.0
110,4.0,4,4,4.0,5.0,5,5,5.0,2.0,1,3,2.0,4.0,5,4,4.333333333333333,5.0,5,5,5.0,1.0,2,1,1.3333333333333333,5.0,5,5,5.0,1.0,3,2,2.0,27.0,30,29,28.666666666666668
111,4.0,4,4,4.0,5.0,5,5,5.0,2.0,3,2,2.3333333333333335,3.0,5,5,4.333333333333333,5.0,5,5,5.0,2.0,4,3,3.0,5.0,5,5,5.0,3.0,1,3,2.3333333333333335,29.0,32,32,31.0
112,4.0,4,5,4.333333333333333,5.0,5,5,5.0,1.0,1,2,1.3333333333333333,3.0,4,4,3.6666666666666665,5.0,5,5,5.0,3.0,1,2,2.0,4.0,2,4,3.3333333333333335,2.0,3,1,2.0,27.0,25,28,26.666666666666668
114,4.0,4,4,4.0,5.0,5,5,5.0,1.0,1,1,1.0,4.0,4,4,4.0,5.0,5,5,5.0,1.0,2,1,1.3333333333333333,4.0,4,5,4.333333333333333,2.0,2,1,1.6666666666666667,26.0,27,26,26.333333333333332
115,4.0,4,5,4.333333333333333,5.0,5,5,5.0,1.0,1,1,1.0,3.0,4,4,3.6666666666666665,5.0,5,5,5.0,1.0,2,1,1.3333333333333333,5.0,5,5,5.0,1.0,3,2,2.0,25.0,29,28,27.333333333333332
116,4.0,4,4,4.0,5.0,5,5,5.0,1.0,1,1,1.0,3.0,4,3,3.3333333333333335,5.0,5,5,5.0,2.0,4,2,2.6666666666666665,5.0,5,5,5.0,1.0,4,1,2.0,26.0,32,26,28.0
117,4.0,4,5,4.333333333333333,5.0,5,5,5.0,1.0,1,2,1.3333333333333333,1.0,4,4,3.0,5.0,5,5,5.0,1.0,1,1,1.0,5.0,5,5,5.0,1.0,3,1,1.6666666666666667,23.0,28,28,26.333333333333332
119,4.0,4,5,4.333333333333333,5.0,5,5,5.0,1.0,1,1,1.0,3.0,4,4,3.6666666666666665,5.0,5,5,5.0,1.0,1,1,1.0,4.0,5,5,4.666666666666667,2.0,3,1,2.0,25.0,28,27,26.666666666666668
123,4.0,4,4,4.0,5.0,5,5,5.0,2.0,2,2,2.0,3.0,5,3,3.6666666666666665,5.0,5,5,5.0,3.0,5,3,3.6666666666666665,5.0,5,5,5.0,1.0,5,3,3.0,28.0,36,30,31.333333333333332
125,4.0,4,4,4.0,4.0,5,5,4.666666666666667,2.0,2,2,2.0,4.0,5,5,4.666666666666667,5.0,5,5,5.0,4.0,4,4,4.0,3.0,5,5,4.333333333333333,3.0,1,2,2.0,29.0,31,32,30.666666666666668
127,4.0,4,4,4.0,5.0,4,5,4.666666666666667,1.0,1,2,1.3333333333333333,4.0,4,4,4.0,5.0,5,5,5.0,1.0,2,2,1.6666666666666667,5.0,5,5,5.0,1.0,3,3,2.3333333333333335,26.0,28,30,28.0
128,4.0,4,4,4.0,5.0,3,5,4.333333333333333,1.0,1,2,1.3333333333333333,1.0,3,2,2.0,1.0,1,1,1.0,1.0,2,1,1.3333333333333333,2.0,2,4,2.6666666666666665,2.0,3,2,2.3333333333333335,17.0,19,21,19.0
129,4.0,4,5,4.333333333333333,5.0,5,5,5.0,2.0,1,2,1.6666666666666667,5.0,5,5,5.0,5.0,5,5,5.0,3.0,1,1,1.6666666666666667,2.0,1,3,2.0,2.0,3,2,2.3333333333333335,28.0,25,28,27.0
130,4.0,4,5,4.333333333333333,5.0,5,5,5.0,1.0,1,2,1.3333333333333333,1.0,4,3,2.6666666666666665,5.0,5,5,5.0,1.0,1,1,1.0,4.0,5,5,4.666666666666667,1.0,1,2,1.3333333333333333,22.0,26,28,25.333333333333332
131,1.0,1,1,1.0,1.0,1,1,1.0,1.0,1,1,1.0,1.0,3,1,1.6666666666666667,1.0,1,1,1.0,1.0,1,1,1.0,2.0,2,4,2.6666666666666665,1.0,2,4,2.3333333333333335,9.0,12,14,11.666666666666666
132,3.0,4,4,3.6666666666666665,4.0,5,5,4.666666666666667,1.0,1,2,1.3333333333333333,3.0,4,4,3.6666666666666665,5.0,5,5,5.0,3.0,3,3,3.0,4.0,5,5,4.666666666666667,2.0,3,3,2.6666666666666665,25.0,30,31,28.666666666666668
133,4.0,4,4,4.0,5.0,5,5,5.0,2.0,2,2,2.0,3.0,5,4,4.0,5.0,5,5,5.0,1.0,2,2,1.6666666666666667,1.0,5,4,3.3333333333333335,2.0,5,3,3.3333333333333335,23.0,33,29,28.333333333333332
134,4.0,4,4,4.0,5.0,4,5,4.666666666666667,1.0,1,2,1.3333333333333333,3.0,4,3,3.3333333333333335,5.0,5,5,5.0,1.0,1,1,1.0,5.0,5,5,5.0,1.0,1,1,1.0,25.0,25,26,25.333333333333332
138,4.0,3,4,3.6666666666666665,5.0,3,5,4.333333333333333,1.0,1,1,1.0,3.0,3,3,3.0,5.0,5,5,5.0,1.0,1,1,1.0,4.0,4,5,4.333333333333333,1.0,1,1,1.0,24.0,21,25,23.333333333333332
139,4.0,4,4,4.0,5.0,5,5,5.0,2.0,2,2,2.0,4.0,5,5,4.666666666666667,5.0,5,5,5.0,2.0,2,2,2.0,5.0,5,5,5.0,3.0,3,3,3.0,30.0,31,31,30.666666666666668
140,4.0,4,4,4.0,5.0,5,5,5.0,2.0,2,2,2.0,4.0,5,4,4.333333333333333,5.0,5,5,5.0,3.0,4,2,3.0,4.0,5,5,4.666666666666667,2.0,3,2,2.3333333333333335,29.0,33,29,30.333333333333332
141,4.0,5,4,4.333333333333333,5.0,5,5,5.0,2.0,3,3,2.6666666666666665,3.0,5,4,4.0,5.0,5,5,5.0,2.0,4,3,3.0,5.0,5,5,5.0,4.0,5,5,4.666666666666667,30.0,37,34,33.666666666666664
142,4.0,4,4,4.0,4.0,5,5,4.666666666666667,2.0,3,1,2.0,3.0,5,3,3.6666666666666665,5.0,5,5,5.0,2.0,4,3,3.0,5.0,5,5,5.0,4.0,5,3,4.0,29.0,36,29,31.333333333333332
143,4.0,4,5,4.333333333333333,5.0,5,5,5.0,2.0,3,3,2.6666666666666665,1.0,5,4,3.3333333333333335,5.0,5,5,5.0,3.0,4,3,3.3333333333333335,5.0,5,5,5.0,2.0,5,3,3.3333333333333335,27.0,36,33,32.0
144,4.0,5,4,4.333333333333333,4.0,5,5,4.666666666666667,2.0,4,3,3.0,1.0,5,4,3.3333333333333335,3.0,5,5,4.333333333333333,2.0,3,2,2.3333333333333335,4.0,5,5,4.666666666666667,5.0,5,4,4.666666666666667,25.0,37,32,31.333333333333332
147,4.0,4,4,4.0,5.0,5,5,5.0,2.0,2,2,2.0,2.0,5,5,4.0,4.0,5,5,4.666666666666667,3.0,3,2,2.6666666666666665,5.0,5,5,5.0,4.0,5,4,4.333333333333333,29.0,34,32,31.666666666666668
148,4.0,4,4,4.0,5.0,5,5,5.0,1.0,1,2,1.3333333333333333,4.0,4,4,4.0,4.0,5,5,4.666666666666667,1.0,2,2,1.6666666666666667,5.0,5,5,5.0,3.0,3,2,2.6666666666666665,27.0,29,29,28.333333333333332
150,3.0,4,4,3.6666666666666665,5.0,5,5,5.0,2.0,1,1,1.3333333333333333,3.0,5,5,4.333333333333333,5.0,5,5,5.0,5.0,5,5,5.0,5.0,5,5,5.0,2.0,5,4,3.6666666666666665,30.0,35,34,33.0
151,4.0,3,4,3.6666666666666665,4.0,4,5,4.333333333333333,1.0,1,1,1.0,1.0,1,4,2.0,5.0,5,5,5.0,3.0,2,3,2.6666666666666665,1.0,2,4,2.3333333333333335,2.0,3,2,2.3333333333333335,21.0,21,28,23.333333333333332
155,4.0,4,4,4.0,5.0,5,4,4.666666666666667,2.0,2,3,2.3333333333333335,4.0,5,5,4.666666666666667,5.0,5,5,5.0,2.0,2,2,2.0,5.0,5,5,5.0,2.0,3,1,2.0,29.0,31,29,29.666666666666668
156,5.0,5,5,5.0,5.0,4,5,4.666666666666667,4.0,3,5,4.0,4.0,5,4,4.333333333333333,5.0,5,5,5.0,3.0,4,4,3.6666666666666665,3.0,5,5,4.333333333333333,3.0,3,4,3.3333333333333335,32.0,34,37,34.333333333333336
157,4.0,4,5,4.333333333333333,5.0,5,5,5.0,1.0,1,2,1.3333333333333333,2.0,4,4,3.3333333333333335,5.0,5,5,5.0,3.0,4,3,3.3333333333333335,4.0,5,5,4.666666666666667,2.0,3,3,2.6666666666666665,26.0,31,32,29.666666666666668
158,4.0,4,4,4.0,5.0,5,3,4.333333333333333,1.0,1,1,1.0,4.0,5,4,4.333333333333333,5.0,5,5,5.0,2.0,2,2,2.0,5.0,5,5,5.0,1.0,3,2,2.0,27.0,30,26,27.666666666666668
159,4.0,4,4,4.0,5.0,5,5,5.0,1.0,1,2,1.3333333333333333,4.0,4,4,4.0,5.0,5,5,5.0,5.0,5,5,5.0,5.0,5,5,5.0,2.0,5,4,3.6666666666666665,31.0,34,34,33.0
160,5.0,4,4,4.333333333333333,5.0,5,5,5.0,2.0,2,3,2.3333333333333335,4.0,5,4,4.333333333333333,5.0,5,5,5.0,1.0,2,2,1.6666666666666667,4.0,5,5,4.666666666666667,1.0,3,1,1.6666666666666667,27.0,31,29,29.0
162,4.0,4,4,4.0,5.0,5,5,5.0,1.0,1,1,1.0,4.0,5,4,4.333333333333333,5.0,5,5,5.0,4.0,4,4,4.0,5.0,5,5,5.0,3.0,5,3,3.6666666666666665,31.0,34,31,32.0
163,4.0,4,4,4.0,5.0,5,5,5.0,2.0,2,2,2.0,3.0,5,4,4.0,5.0,5,5,5.0,2.0,2,2,2.0,5.0,5,5,5.0,4.0,5,4,4.333333333333333,30.0,33,31,31.333333333333332
164,4.0,4,5,4.333333333333333,5.0,5,5,5.0,2.0,2,2,2.0,4.0,5,5,4.666666666666667,5.0,5,5,5.0,2.0,2,3,2.3333333333333335,5.0,5,5,5.0,3.0,3,2,2.6666666666666665,30.0,31,32,31.0
167,4.0,4,4,4.0,5.0,5,5,5.0,2.0,2,2,2.0,4.0,5,4,4.333333333333333,5.0,5,5,5.0,1.0,1,2,1.3333333333333333,5.0,5,5,5.0,1.0,3,1,1.6666666666666667,27.0,30,28,28.333333333333332
169,4.0,4,4,4.0,5.0,5,4,4.666666666666667,2.0,2,2,2.0,4.0,5,4,4.333333333333333,5.0,5,5,5.0,2.0,2,2,2.0,5.0,5,5,5.0,2.0,3,2,2.3333333333333335,29.0,31,28,29.333333333333332
170,4.0,4,4,4.0,5.0,5,4,4.666666666666667,2.0,2,2,2.0,4.0,5,5,4.666666666666667,5.0,5,5,5.0,2.0,2,2,2.0,5.0,5,5,5.0,2.0,3,1,2.0,29.0,31,28,29.333333333333332
171,3.0,4,4,3.6666666666666665,5.0,4,3,4.0,1.0,1,1,1.0,3.0,5,4,4.0,5.0,5,5,5.0,3.0,3,3,3.0,5.0,5,5,5.0,1.0,3,1,1.6666666666666667,26.0,30,26,27.333333333333332
172,4.0,4,4,4.0,4.0,4,4,4.0,1.0,2,1,1.3333333333333333,1.0,4,3,2.6666666666666665,5.0,5,5,5.0,1.0,1,2,1.3333333333333333,3.0,4,4,3.6666666666666665,1.0,3,1,1.6666666666666667,20.0,27,24,23.666666666666668
173,4.0,4,4,4.0,5.0,5,5,5.0,1.0,1,2,1.3333333333333333,3.0,4,3,3.3333333333333335,5.0,5,5,5.0,2.0,2,1,1.6666666666666667,4.0,5,4,4.333333333333333,1.0,2,1,1.3333333333333333,25.0,28,25,26.0
175,4.0,4,5,4.333333333333333,5.0,5,5,5.0,2.0,3,2,2.3333333333333335,4.0,5,4,4.333333333333333,5.0,5,5,5.0,1.0,4,2,2.3333333333333335,4.0,5,5,4.666666666666667,1.0,3,1,1.6666666666666667,26.0,34,29,29.666666666666668
176,4.0,4,4,4.0,4.0,4,5,4.333333333333333,1.0,2,1,1.3333333333333333,4.0,4,5,4.333333333333333,5.0,5,5,5.0,3.0,5,3,3.6666666666666665,5.0,5,5,5.0,2.0,3,2,2.3333333333333335,28.0,32,30,30.0
177,4.0,4,5,4.333333333333333,5.0,5,5,5.0,1.0,1,1,1.0,3.0,4,3,3.3333333333333335,5.0,5,5,5.0,3.0,4,3,3.3333333333333335,4.0,5,4,4.333333333333333,1.0,3,2,2.0,26.0,31,28,28.333333333333332
178,4.0,4,4,4.0,4.0,4,5,4.333333333333333,1.0,1,1,1.0,3.0,4,3,3.3333333333333335,5.0,5,5,5.0,2.0,3,1,2.0,5.0,5,5,5.0,3.0,3,1,2.3333333333333335,27.0,29,25,27.0
179,4.0,4,4,4.0,5.0,5,5,5.0,1.0,1,2,1.3333333333333333,2.0,4,4,3.3333333333333335,5.0,5,5,5.0,1.0,1,1,1.0,3.0,5,5,4.333333333333333,1.0,3,1,1.6666666666666667,22.0,28,27,25.666666666666668
180,4.0,4,5,4.333333333333333,5.0,5,5,5.0,1.0,1,1,1.0,2.0,4,4,3.3333333333333335,5.0,5,5,5.0,1.0,1,1,1.0,4.0,5,5,4.666666666666667,1.0,1,1,1.0,23.0,26,27,25.333333333333332
181,4.0,1,1,2.0,4.0,1,1,2.0,2.0,1,1,1.3333333333333333,4.0,1,1,2.0,5.0,1,1,2.3333333333333335,2.0,1,1,1.3333333333333333,4.0,1,1,2.0,3.0,1,1,1.6666666666666667,28.0,8,8,14.666666666666666
182,4.0,1,1,2.0,4.0,1,2,2.3333333333333335,3.0,1,1,1.6666666666666667,4.0,1,1,2.0,5.0,1,1,2.3333333333333335,3.0,1,1,1.6666666666666667,5.0,1,5,3.6666666666666665,3.0,1,1,1.6666666666666667,31.0,8,13,17.333333333333332
183,1.0,1,1,1.0,4.0,2,4,3.3333333333333335,1.0,1,1,1.0,1.0,1,1,1.0,1.0,1,1,1.0,1.0,1,1,1.0,4.0,4,5,4.333333333333333,1.0,1,2,1.3333333333333333,14.0,12,16,14.0
185,4.0,2,5,3.6666666666666665,3.0,4,4,3.6666666666666665,2.0,2,1,1.6666666666666667,4.0,3,4,3.6666666666666665,5.0,5,5,5.0,2.0,4,3,3.0,5.0,5,5,5.0,3.0,1,1,1.6666666666666667,28.0,26,28,27.333333333333332
187,3.0,4,4,3.6666666666666665,4.0,5,5,4.666666666666667,2.0,2,3,2.3333333333333335,4.0,5,4,4.333333333333333,5.0,5,5,5.0,2.0,2,2,2.0,5.0,5,5,5.0,1.0,3,3,2.3333333333333335,26.0,31,31,29.333333333333332
188,3.0,4,4,3.6666666666666665,4.0,3,5,4.0,1.0,1,1,1.0,3.0,4,4,3.6666666666666665,5.0,5,5,5.0,5.0,4,4,4.333333333333333,4.0,4,5,4.333333333333333,2.0,3,3,2.6666666666666665,27.0,28,31,28.666666666666668
190,4.0,4,4,4.0,5.0,5,5,5.0,1.0,1,1,1.0,4.0,5,4,4.333333333333333,5.0,5,5,5.0,3.0,4,3,3.3333333333333335,5.0,5,5,5.0,3.0,2,3,2.6666666666666665,30.0,31,30,30.333333333333332
193,4.0,4,4,4.0,4.0,5,4,4.333333333333333,2.0,1,2,1.6666666666666667,4.0,5,5,4.666666666666667,5.0,5,5,5.0,2.0,2,3,2.3333333333333335,5.0,5,5,5.0,1.0,3,2,2.0,27.0,30,30,29.0
195,1.0,2,2,1.6666666666666667,4.0,4,4,4.0,1.0,1,1,1.0,1.0,1,4,2.0,1.0,5,5,3.6666666666666665,1.0,4,4,3.0,2.0,4,5,3.6666666666666665,1.0,1,3,1.6666666666666667,12.0,22,28,20.666666666666668
196,1.0,1,1,1.0,1.0,1,1,1.0,1.0,1,1,1.0,1.0,1,1,1.0,1.0,1,1,1.0,1.0,1,1,1.0,2.0,1,4,2.3333333333333335,3.0,1,3,2.3333333333333335,11.0,8,13,10.666666666666666
199,1.0,1,1,1.0,4.0,1,4,3.0,1.0,1,2,1.3333333333333333,1.0,1,1,1.0,1.0,1,1,1.0,1.0,1,1,1.0,2.0,1,4,2.3333333333333335,2.0,1,3,2.0,13.0,8,17,12.666666666666666
202,2.0,4,4,3.3333333333333335,3.0,4,4,3.6666666666666665,1.0,1,1,1.0,3.0,5,4,4.0,5.0,5,5,5.0,2.0,2,2,2.0,5.0,5,5,5.0,1.0,2,2,1.6666666666666667,22.0,28,27,25.666666666666668
203,3.0,1,4,2.6666666666666665,4.0,1,5,3.3333333333333335,1.0,1,1,1.0,1.0,3,4,2.6666666666666665,5.0,5,5,5.0,3.0,2,3,2.6666666666666665,2.0,1,4,2.3333333333333335,2.0,2,3,2.3333333333333335,21.0,16,29,22.0
206,4.0,4,4,4.0,4.0,5,5,4.666666666666667,1.0,1,2,1.3333333333333333,1.0,4,4,3.0,5.0,5,5,5.0,2.0,2,2,2.0,4.0,5,5,4.666666666666667,1.0,3,2,2.0,22.0,29,29,26.666666666666668
209,4.0,5,4,4.333333333333333,4.0,5,4,4.333333333333333,2.0,2,2,2.0,5.0,5,5,5.0,5.0,5,5,5.0,2.0,2,2,2.0,5.0,5,5,5.0,2.0,2,1,1.6666666666666667,29.0,31,28,29.333333333333332
211,2.0,1,4,2.3333333333333335,3.0,1,3,2.3333333333333335,1.0,1,1,1.0,3.0,4,3,3.3333333333333335,4.0,5,4,4.333333333333333,2.0,2,1,1.6666666666666667,1.0,1,5,2.3333333333333335,2.0,1,2,1.6666666666666667,18.0,16,23,19.0
212,4.0,4,4,4.0,5.0,5,5,5.0,3.0,3,1,2.3333333333333335,1.0,5,5,3.6666666666666665,4.0,5,5,4.666666666666667,2.0,4,3,3.0,1.0,5,5,3.6666666666666665,1.0,5,4,3.3333333333333335,21.0,36,32,29.666666666666668
213,4.0,4,5,4.333333333333333,5.0,5,5,5.0,1.0,1,2,1.3333333333333333,1.0,4,4,3.0,5.0,5,5,5.0,1.0,1,1,1.0,5.0,5,4,4.666666666666667,3.0,2,1,2.0,25.0,27,27,26.333333333333332
214,4.0,4,5,4.333333333333333,4.0,5,4,4.333333333333333,1.0,1,2,1.3333333333333333,4.0,4,5,4.333333333333333,5.0,5,5,5.0,2.0,1,2,1.6666666666666667,5.0,5,5,5.0,1.0,1,1,1.0,26.0,26,29,27.0
215,4.0,4,4,4.0,4.0,5,5,4.666666666666667,1.0,1,1,1.0,5.0,5,5,5.0,5.0,5,5,5.0,2.0,3,2,2.3333333333333335,5.0,5,5,5.0,1.0,3,1,1.6666666666666667,27.0,31,28,28.666666666666668
216,4.0,4,4,4.0,5.0,5,5,5.0,1.0,1,1,1.0,4.0,5,5,4.666666666666667,5.0,5,5,5.0,2.0,2,2,2.0,5.0,5,5,5.0,2.0,3,3,2.6666666666666665,28.0,30,30,29.333333333333332
217,1.0,1,1,1.0,2.0,1,5,2.6666666666666665,1.0,1,1,1.0,1.0,1,1,1.0,1.0,1,1,1.0,1.0,1,1,1.0,4.0,1,5,3.3333333333333335,1.0,1,2,1.3333333333333333,12.0,8,17,12.333333333333334
218,1.0,1,1,1.0,5.0,1,5,3.6666666666666665,1.0,1,1,1.0,1.0,1,3,1.6666666666666667,1.0,1,5,2.3333333333333335,1.0,1,3,1.6666666666666667,5.0,1,5,3.6666666666666665,2.0,1,3,2.0,17.0,8,26,17.0
221,4.0,4,4,4.0,5.0,5,5,5.0,1.0,1,1,1.0,2.0,4,3,3.0,5.0,5,5,5.0,1.0,1,1,1.0,3.0,5,5,4.333333333333333,1.0,2,1,1.3333333333333333,22.0,27,25,24.666666666666668
222,4.0,4,4,4.0,5.0,5,5,5.0,1.0,1,1,1.0,1.0,4,3,2.6666666666666665,5.0,5,5,5.0,1.0,1,1,1.0,3.0,5,4,4.0,1.0,1,2,1.3333333333333333,21.0,26,25,24.0
223,4.0,4,4,4.0,4.0,4,4,4.0,1.0,1,1,1.0,3.0,4,3,3.3333333333333335,5.0,5,5,5.0,1.0,1,1,1.0,5.0,4,5,4.666666666666667,1.0,3,2,2.0,24.0,26,25,25.0
224,4.0,4,4,4.0,5.0,5,5,5.0,1.0,1,1,1.0,3.0,4,4,3.6666666666666665,5.0,5,5,5.0,1.0,1,1,1.0,3.0,5,5,4.333333333333333,1.0,3,2,2.0,23.0,28,27,26.0
225,4.0,4,4,4.0,5.0,5,4,4.666666666666667,2.0,1,1,1.3333333333333333,4.0,5,5,4.666666666666667,5.0,5,5,5.0,2.0,3,2,2.3333333333333335,5.0,5,5,5.0,3.0,3,1,2.3333333333333335,30.0,31,27,29.333333333333332
226,4.0,4,4,4.0,5.0,5,5,5.0,2.0,1,1,1.3333333333333333,4.0,5,4,4.333333333333333,5.0,5,5,5.0,1.0,2,1,1.3333333333333333,5.0,5,5,5.0,2.0,4,2,2.6666666666666665,28.0,31,27,28.666666666666668
227,4.0,4,4,4.0,4.0,4,5,4.333333333333333,1.0,1,3,1.6666666666666667,3.0,4,4,3.6666666666666665,5.0,5,5,5.0,1.0,1,2,1.3333333333333333,5.0,5,5,5.0,1.0,3,1,1.6666666666666667,24.0,27,29,26.666666666666668
228,4.0,4,4,4.0,5.0,4,5,4.666666666666667,1.0,1,1,1.0,4.0,5,3,4.0,5.0,5,5,5.0,1.0,2,1,1.3333333333333333,5.0,5,5,5.0,1.0,4,1,2.0,26.0,30,25,27.0
229,4.0,4,5,4.333333333333333,5.0,5,5,5.0,1.0,1,1,1.0,1.0,4,3,2.6666666666666665,5.0,5,5,5.0,1.0,1,1,1.0,4.0,5,5,4.666666666666667,1.0,3,2,2.0,22.0,28,27,25.666666666666668
230,4.0,4,4,4.0,5.0,5,5,5.0,2.0,2,3,2.3333333333333335,4.0,4,3,3.6666666666666665,5.0,5,5,5.0,2.0,2,1,1.6666666666666667,4.0,5,5,4.666666666666667,2.0,3,2,2.3333333333333335,28.0,30,28,28.666666666666668
234,4.0,4,5,4.333333333333333,5.0,5,5,5.0,1.0,1,2,1.3333333333333333,3.0,4,4,3.6666666666666665,5.0,5,5,5.0,1.0,1,1,1.0,4.0,5,5,4.666666666666667,1.0,3,1,1.6666666666666667,24.0,28,28,26.666666666666668
235,4.0,1,2,2.3333333333333335,3.0,1,4,2.6666666666666665,1.0,1,1,1.0,4.0,1,5,3.3333333333333335,5.0,5,5,5.0,5.0,5,5,5.0,4.0,3,5,4.0,3.0,2,3,2.6666666666666665,29.0,19,30,26.0
237,4.0,2,4,3.3333333333333335,5.0,1,5,3.6666666666666665,1.0,1,2,1.3333333333333333,3.0,4,4,3.6666666666666665,5.0,5,5,5.0,2.0,1,1,1.3333333333333333,4.0,1,5,3.3333333333333335,1.0,3,4,2.6666666666666665,25.0,18,30,24.333333333333332
238,4.0,4,5,4.333333333333333,5.0,5,5,5.0,1.0,1,1,1.0,3.0,4,3,3.3333333333333335,5.0,5,5,5.0,1.0,1,1,1.0,4.0,5,5,4.666666666666667,1.0,1,1,1.0,24.0,26,26,25.333333333333332
239,4.0,4,4,4.0,4.0,4,4,4.0,2.0,1,1,1.3333333333333333,4.0,4,4,4.0,5.0,5,5,5.0,1.0,2,2,1.6666666666666667,4.0,5,5,4.666666666666667,1.0,3,2,2.0,25.0,28,27,26.666666666666668
240,4.0,4,2,3.3333333333333335,5.0,4,4,4.333333333333333,1.0,1,1,1.0,3.0,4,4,3.6666666666666665,5.0,5,5,5.0,1.0,4,3,2.6666666666666665,4.0,4,4,4.0,2.0,3,3,2.6666666666666665,25.0,29,26,26.666666666666668
243,4.0,4,4,4.0,5.0,5,5,5.0,1.0,1,2,1.3333333333333333,4.0,4,4,4.0,5.0,5,5,5.0,1.0,1,2,1.3333333333333333,5.0,5,5,5.0,1.0,1,1,1.0,26.0,26,28,26.666666666666668
244,3.0,1,4,2.6666666666666665,5.0,4,4,4.333333333333333,1.0,1,1,1.0,3.0,4,4,3.6666666666666665,5.0,5,5,5.0,2.0,2,2,2.0,5.0,5,4,4.666666666666667,2.0,3,3,2.6666666666666665,26.0,25,27,26.0
245,4.0,4,4,4.0,5.0,5,5,5.0,1.0,1,1,1.0,4.0,5,4,4.333333333333333,5.0,5,5,5.0,1.0,1,2,1.3333333333333333,5.0,5,5,5.0,1.0,3,1,1.6666666666666667,26.0,29,27,27.333333333333332
246,3.0,4,4,3.6666666666666665,5.0,5,5,5.0,1.0,2,1,1.3333333333333333,5.0,4,4,4.333333333333333,5.0,5,5,5.0,2.0,4,3,3.0,5.0,5,5,5.0,3.0,3,3,3.0,29.0,32,30,30.333333333333332
248,3.0,4,4,3.6666666666666665,4.0,4,4,4.0,2.0,1,2,1.6666666666666667,4.0,5,5,4.666666666666667,5.0,5,4,4.666666666666667,2.0,2,2,2.0,5.0,5,5,5.0,1.0,3,1,1.6666666666666667,26.0,29,27,27.333333333333332
251,1.0,1,1,1.0,4.0,4,4,4.0,1.0,1,1,1.0,1.0,1,1,1.0,1.0,1,1,1.0,1.0,1,2,1.3333333333333333,3.0,1,4,2.6666666666666665,1.0,1,1,1.0,13.0,11,15,13.0
252,4.0,4,4,4.0,5.0,5,5,5.0,1.0,2,1,1.3333333333333333,4.0,3,3,3.3333333333333335,5.0,5,5,5.0,2.0,2,3,2.3333333333333335,5.0,5,5,5.0,3.0,3,1,2.3333333333333335,29.0,29,27,28.333333333333332
253,1.0,1,2,1.3333333333333333,4.0,1,4,3.0,1.0,1,1,1.0,1.0,1,2,1.3333333333333333,1.0,1,5,2.3333333333333335,1.0,1,4,2.0,3.0,1,5,3.0,1.0,1,3,1.6666666666666667,13.0,8,26,15.666666666666666
254,4.0,4,5,4.333333333333333,5.0,5,5,5.0,1.0,1,2,1.3333333333333333,1.0,4,3,2.6666666666666665,5.0,5,5,5.0,1.0,1,1,1.0,4.0,5,5,4.666666666666667,1.0,3,1,1.6666666666666667,22.0,28,27,25.666666666666668
256,4.0,5,4,4.333333333333333,5.0,5,4,4.666666666666667,1.0,1,1,1.0,3.0,4,4,3.6666666666666665,5.0,5,5,5.0,1.0,1,1,1.0,4.0,5,5,4.666666666666667,1.0,3,1,1.6666666666666667,24.0,29,25,26.0
257,4.0,4,4,4.0,5.0,5,5,5.0,1.0,1,1,1.0,2.0,4,3,3.0,2.0,5,3,3.3333333333333335,1.0,1,1,1.0,5.0,5,5,5.0,1.0,1,1,1.0,21.0,26,23,23.333333333333332
259,4.0,4,4,4.0,5.0,5,5,5.0,1.0,2,1,1.3333333333333333,4.0,5,3,4.0,5.0,5,5,5.0,1.0,2,1,1.3333333333333333,5.0,5,5,5.0,4.0,4,4,4.0,29.0,32,28,29.666666666666668
260,4.0,4,5,4.333333333333333,5.0,5,5,5.0,1.0,1,1,1.0,3.0,5,5,4.333333333333333,5.0,5,5,5.0,1.0,1,1,1.0,5.0,5,5,5.0,1.0,2,1,1.3333333333333333,25.0,28,28,27.0
262,5.0,4,4,4.333333333333333,5.0,5,4,4.666666666666667,1.0,2,1,1.3333333333333333,5.0,5,5,5.0,5.0,5,5,5.0,1.0,2,1,1.3333333333333333,5.0,5,5,5.0,2.0,3,2,2.3333333333333335,29.0,31,27,29.0
264,4.0,4,4,4.0,5.0,5,5,5.0,1.0,1,1,1.0,3.0,4,4,3.6666666666666665,5.0,5,5,5.0,1.0,4,1,2.0,4.0,5,5,4.666666666666667,1.0,3,1,1.6666666666666667,24.0,31,26,27.0
267,4.0,4,4,4.0,5.0,5,5,5.0,1.0,1,1,1.0,5.0,5,5,5.0,5.0,5,5,5.0,2.0,2,2,2.0,5.0,5,5,5.0,1.0,3,3,2.3333333333333335,28.0,30,30,29.333333333333332
270,4.0,4,4,4.0,5.0,5,5,5.0,2.0,2,2,2.0,4.0,3,4,3.6666666666666665,5.0,5,5,5.0,1.0,1,1,1.0,5.0,5,5,5.0,1.0,2,2,1.6666666666666667,27.0,27,28,27.333333333333332
276,4.0,4,5,4.333333333333333,5.0,5,5,5.0,1.0,2,3,2.0,3.0,4,3,3.3333333333333335,5.0,5,5,5.0,1.0,2,3,2.0,4.0,5,5,4.666666666666667,3.0,3,3,3.0,26.0,30,32,29.333333333333332
278,5.0,4,5,4.666666666666667,5.0,5,5,5.0,2.0,2,2,2.0,3.0,4,3,3.3333333333333335,5.0,5,5,5.0,3.0,4,2,3.0,5.0,5,5,5.0,2.0,3,2,2.3333333333333335,30.0,32,29,30.333333333333332
280,4.0,4,4,4.0,5.0,5,5,5.0,1.0,1,1,1.0,4.0,4,4,4.0,5.0,5,5,5.0,3.0,4,3,3.3333333333333335,5.0,5,5,5.0,3.0,3,3,3.0,30.0,31,30,30.333333333333332
281,4.0,4,4,4.0,5.0,5,5,5.0,1.0,1,1,1.0,1.0,4,3,2.6666666666666665,5.0,5,5,5.0,1.0,1,1,1.0,4.0,4,5,4.333333333333333,1.0,1,2,1.3333333333333333,22.0,25,26,24.333333333333332
282,3.0,4,4,3.6666666666666665,5.0,5,4,4.666666666666667,2.0,2,1,1.6666666666666667,5.0,5,5,5.0,5.0,5,5,5.0,2.0,2,2,2.0,4.0,5,5,4.666666666666667,3.0,3,3,3.0,29.0,31,29,29.666666666666668
283,4.0,4,4,4.0,5.0,5,5,5.0,1.0,1,2,1.3333333333333333,3.0,4,3,3.3333333333333335,5.0,5,5,5.0,1.0,2,2,1.6666666666666667,5.0,5,5,5.0,1.0,4,4,3.0,25.0,30,30,28.333333333333332
284,4.0,4,4,4.0,5.0,5,5,5.0,1.0,1,1,1.0,5.0,5,4,4.666666666666667,5.0,5,5,5.0,3.0,2,3,2.6666666666666665,5.0,5,5,5.0,2.0,3,3,2.6666666666666665,30.0,30,30,30.0
285,4.0,4,4,4.0,5.0,5,5,5.0,1.0,1,1,1.0,3.0,5,5,4.333333333333333,5.0,5,5,5.0,1.0,1,1,1.0,4.0,5,5,4.666666666666667,2.0,2,2,2.0,25.0,28,28,27.0
286,4.0,4,4,4.0,5.0,5,5,5.0,1.0,1,1,1.0,1.0,4,4,3.0,5.0,5,5,5.0,1.0,1,1,1.0,4.0,5,5,4.666666666666667,1.0,3,2,2.0,22.0,28,27,25.666666666666668
287,4.0,4,5,4.333333333333333,5.0,5,5,5.0,1.0,1,1,1.0,4.0,5,5,4.666666666666667,5.0,5,5,5.0,1.0,1,1,1.0,5.0,5,5,5.0,1.0,3,1,1.6666666666666667,26.0,29,28,27.666666666666668
289,4.0,4,4,4.0,3.0,3,5,3.6666666666666665,2.0,3,2,2.3333333333333335,3.0,5,5,4.333333333333333,5.0,5,5,5.0,1.0,3,2,2.0,2.0,4,4,3.3333333333333335,1.0,5,4,3.3333333333333335,21.0,32,31,28.0
292,4.0,4,4,4.0,5.0,5,5,5.0,1.0,1,1,1.0,1.0,4,4,3.0,5.0,4,5,4.666666666666667,1.0,1,1,1.0,4.0,4,5,4.333333333333333,1.0,1,1,1.0,22.0,24,26,24.0
293,4.0,2,4,3.3333333333333335,5.0,1,4,3.3333333333333335,1.0,1,1,1.0,4.0,4,4,4.0,5.0,5,5,5.0,1.0,4,2,2.3333333333333335,1.0,1,4,2.0,1.0,4,2,2.3333333333333335,22.0,22,26,23.333333333333332
294,4.0,4,4,4.0,5.0,5,5,5.0,1.0,1,1,1.0,4.0,4,5,4.333333333333333,5.0,5,4,4.666666666666667,1.0,1,1,1.0,5.0,5,5,5.0,1.0,1,1,1.0,26.0,26,26,26.0
295,5.0,4,5,4.666666666666667,5.0,5,5,5.0,2.0,2,2,2.0,4.0,4,4,4.0,5.0,5,5,5.0,1.0,1,1,1.0,4.0,5,5,4.666666666666667,1.0,2,1,1.3333333333333333,27.0,28,28,27.666666666666668
296,4.0,3,4,3.6666666666666665,5.0,3,4,4.0,1.0,1,1,1.0,3.0,2,4,3.0,5.0,2,4,3.6666666666666665,1.0,1,1,1.0,5.0,3,5,4.333333333333333,1.0,1,1,1.0,25.0,16,24,21.666666666666668
297,4.0,4,5,4.333333333333333,5.0,5,5,5.0,1.0,1,1,1.0,4.0,5,5,4.666666666666667,5.0,5,5,5.0,2.0,4,1,2.3333333333333335,5.0,5,5,5.0,2.0,3,3,2.6666666666666665,28.0,32,30,30.0
299,4.0,4,4,4.0,5.0,5,5,5.0,1.0,1,2,1.3333333333333333,3.0,4,5,4.0,5.0,5,5,5.0,1.0,1,1,1.0,2.0,5,5,4.0,1.0,1,1,1.0,22.0,26,28,25.333333333333332
300,4.0,4,4,4.0,5.0,5,5,5.0,1.0,1,1,1.0,4.0,5,5,4.666666666666667,5.0,5,5,5.0,2.0,2,2,2.0,4.0,5,5,4.666666666666667,2.0,5,3,3.3333333333333335,27.0,32,30,29.666666666666668
301,4.0,4,4,4.0,5.0,5,5,5.0,2.0,3,3,2.6666666666666665,3.0,5,5,4.333333333333333,5.0,5,5,5.0,2.0,2,2,2.0,4.0,5,5,4.666666666666667,3.0,5,3,3.6666666666666665,28.0,34,32,31.333333333333332
302,4.0,2,4,3.3333333333333335,4.0,4,4,4.0,2.0,1,1,1.3333333333333333,4.0,1,3,2.6666666666666665,5.0,5,5,5.0,1.0,1,1,1.0,5.0,2,5,4.0,3.0,1,1,1.6666666666666667,28.0,17,24,23.0
303,4.0,4,5,4.333333333333333,5.0,3,4,4.0,2.0,3,3,2.6666666666666665,5.0,5,5,5.0,5.0,5,5,5.0,2.0,2,2,2.0,5.0,5,5,5.0,2.0,3,4,3.0,30.0,30,33,31.0
304,4.0,4,4,4.0,5.0,5,5,5.0,1.0,1,1,1.0,5.0,5,4,4.666666666666667,5.0,5,5,5.0,2.0,2,2,2.0,5.0,5,5,5.0,2.0,3,3,2.6666666666666665,29.0,30,29,29.333333333333332
306,2.0,1,2,1.6666666666666667,5.0,4,4,4.333333333333333,1.0,1,1,1.0,1.0,2,3,2.0,1.0,5,5,3.6666666666666665,1.0,1,3,1.6666666666666667,4.0,5,5,4.666666666666667,1.0,1,2,1.3333333333333333,16.0,20,25,20.333333333333332
307,4.0,4,4,4.0,5.0,5,5,5.0,2.0,2,2,2.0,3.0,5,5,4.333333333333333,4.0,5,5,4.666666666666667,2.0,2,2,2.0,4.0,5,5,4.666666666666667,3.0,5,3,3.6666666666666665,27.0,33,31,30.333333333333332
308,4.0,4,5,4.333333333333333,4.0,5,5,4.666666666666667,1.0,1,1,1.0,4.0,4,3,3.6666666666666665,5.0,5,4,4.666666666666667,1.0,1,1,1.0,5.0,5,5,5.0,1.0,2,1,1.3333333333333333,25.0,27,25,25.666666666666668
310,4.0,4,4,4.0,5.0,2,5,4.0,2.0,3,2,2.3333333333333335,4.0,5,5,4.666666666666667,5.0,5,5,5.0,2.0,2,2,2.0,5.0,5,5,5.0,3.0,5,5,4.333333333333333,30.0,31,33,31.333333333333332
311,4.0,4,4,4.0,5.0,5,5,5.0,2.0,1,2,1.6666666666666667,3.0,5,5,4.333333333333333,5.0,5,5,5.0,2.0,3,2,2.3333333333333335,4.0,5,5,4.666666666666667,3.0,5,3,3.6666666666666665,28.0,33,31,30.666666666666668
313,4.0,4,4,4.0,5.0,4,5,4.666666666666667,1.0,1,1,1.0,3.0,4,4,3.6666666666666665,5.0,5,5,5.0,1.0,1,1,1.0,4.0,4,5,4.333333333333333,1.0,1,1,1.0,24.0,24,26,24.666666666666668
314,4.0,4,4,4.0,5.0,4,5,4.666666666666667,2.0,3,3,2.6666666666666665,5.0,5,5,5.0,5.0,5,5,5.0,1.0,1,2,1.3333333333333333,4.0,5,5,4.666666666666667,1.0,4,3,2.6666666666666665,27.0,31,32,30.0
315,4.0,5,4,4.333333333333333,5.0,5,5,5.0,2.0,3,2,2.3333333333333335,3.0,5,5,4.333333333333333,5.0,5,5,5.0,1.0,1,1,1.0,5.0,5,5,5.0,1.0,4,1,2.0,26.0,33,28,29.0
316,4.0,4,4,4.0,5.0,5,5,5.0,2.0,1,2,1.6666666666666667,3.0,5,4,4.0,5.0,5,5,5.0,1.0,1,1,1.0,5.0,5,5,5.0,1.0,3,1,1.6666666666666667,26.0,29,27,27.333333333333332
317,4.0,4,4,4.0,5.0,5,5,5.0,1.0,1,1,1.0,4.0,4,3,3.6666666666666665,5.0,5,5,5.0,1.0,3,1,1.6666666666666667,5.0,5,5,5.0,1.0,4,2,2.3333333333333335,26.0,31,26,27.666666666666668
318,4.0,4,4,4.0,5.0,5,5,5.0,1.0,1,1,1.0,3.0,4,4,3.6666666666666665,5.0,5,5,5.0,1.0,1,2,1.3333333333333333,5.0,4,5,4.666666666666667,1.0,3,1,1.6666666666666667,25.0,27,27,26.333333333333332
319,4.0,4,4,4.0,5.0,5,5,5.0,1.0,1,1,1.0,4.0,4,4,4.0,5.0,5,5,5.0,2.0,2,2,2.0,4.0,5,5,4.666666666666667,1.0,3,3,2.3333333333333335,26.0,29,29,28.0
320,4.0,4,4,4.0,5.0,5,5,5.0,1.0,1,1,1.0,3.0,4,4,3.6666666666666665,5.0,5,5,5.0,1.0,1,1,1.0,4.0,5,5,4.666666666666667,1.0,3,2,2.0,24.0,28,27,26.333333333333332
321,4.0,4,5,4.333333333333333,5.0,5,5,5.0,1.0,1,1,1.0,4.0,5,4,4.333333333333333,5.0,5,5,5.0,4.0,5,2,3.6666666666666665,4.0,5,5,4.666666666666667,3.0,3,3,3.0,30.0,33,30,31.0
324,4.0,4,4,4.0,5.0,5,5,5.0,1.0,1,1,1.0,1.0,4,3,2.6666666666666665,5.0,5,4,4.666666666666667,1.0,1,1,1.0,4.0,5,5,4.666666666666667,1.0,1,1,1.0,22.0,26,24,24.0
326,4.0,4,4,4.0,5.0,5,5,5.0,1.0,1,1,1.0,1.0,4,3,2.6666666666666665,5.0,5,5,5.0,1.0,1,1,1.0,4.0,4,5,4.333333333333333,1.0,2,1,1.3333333333333333,22.0,26,25,24.333333333333332
327,1.0,1,1,1.0,2.0,1,1,1.3333333333333333,1.0,1,1,1.0,1.0,1,1,1.0,1.0,1,1,1.0,1.0,1,1,1.0,4.0,1,1,2.0,1.0,1,1,1.0,12.0,8,8,9.333333333333334
328,5.0,4,4,4.333333333333333,5.0,5,5,5.0,1.0,1,1,1.0,1.0,4,3,2.6666666666666665,5.0,5,5,5.0,1.0,1,1,1.0,4.0,5,5,4.666666666666667,1.0,3,1,1.6666666666666667,23.0,28,25,25.333333333333332
331,1.0,1,1,1.0,3.0,1,4,2.6666666666666665,1.0,1,1,1.0,1.0,1,1,1.0,1.0,1,1,1.0,1.0,1,1,1.0,5.0,1,4,3.3333333333333335,2.0,1,2,1.6666666666666667,15.0,8,15,12.666666666666666
333,4.0,4,4,4.0,5.0,5,5,5.0,1.0,1,2,1.3333333333333333,3.0,4,3,3.3333333333333335,5.0,5,5,5.0,1.0,1,1,1.0,5.0,5,5,5.0,1.0,3,1,1.6666666666666667,25.0,28,26,26.333333333333332
334,4.0,4,4,4.0,5.0,5,5,5.0,2.0,2,2,2.0,3.0,4,4,3.6666666666666665,5.0,5,5,5.0,1.0,1,1,1.0,5.0,5,5,5.0,1.0,3,2,2.0,26.0,29,28,27.666666666666668
335,4.0,4,4,4.0,5.0,5,5,5.0,1.0,1,1,1.0,1.0,4,3,2.6666666666666665,5.0,5,5,5.0,1.0,1,1,1.0,3.0,5,4,4.0,1.0,1,1,1.0,21.0,26,24,23.666666666666668
337,4.0,4,4,4.0,5.0,5,5,5.0,2.0,1,2,1.6666666666666667,4.0,5,5,4.666666666666667,5.0,5,5,5.0,2.0,2,1,1.6666666666666667,5.0,5,5,5.0,1.0,3,1,1.6666666666666667,28.0,30,28,28.666666666666668
338,4.0,4,4,4.0,5.0,5,5,5.0,1.0,1,2,1.3333333333333333,3.0,4,3,3.3333333333333335,5.0,5,5,5.0,1.0,1,1,1.0,5.0,5,5,5.0,1.0,3,1,1.6666666666666667,25.0,28,26,26.333333333333332
339,4.0,4,4,4.0,4.0,5,5,4.666666666666667,1.0,1,1,1.0,4.0,5,5,4.666666666666667,5.0,5,5,5.0,2.0,2,2,2.0,4.0,5,5,4.666666666666667,1.0,3,2,2.0,25.0,30,29,28.0
340,1.0,1,1,1.0,1.0,1,1,1.0,1.0,1,1,1.0,1.0,4,4,3.0,2.0,5,2,3.0,1.0,2,1,1.3333333333333333,3.0,1,5,3.0,1.0,2,2,1.6666666666666667,11.0,17,17,15.0
341,4.0,5,5,4.666666666666667,5.0,5,5,5.0,1.0,1,1,1.0,3.0,4,3,3.3333333333333335,5.0,5,5,5.0,1.0,2,1,1.3333333333333333,5.0,5,5,5.0,3.0,3,1,2.3333333333333335,27.0,30,26,27.666666666666668
342,1.0,1,2,1.3333333333333333,4.0,5,3,4.0,1.0,1,1,1.0,1.0,1,1,1.0,1.0,5,1,2.3333333333333335,1.0,1,1,1.0,4.0,4,4,4.0,1.0,1,1,1.0,14.0,19,14,15.666666666666666
343,4.0,4,4,4.0,5.0,5,5,5.0,1.0,1,2,1.3333333333333333,3.0,4,3,3.3333333333333335,5.0,5,5,5.0,1.0,2,1,1.3333333333333333,4.0,5,5,4.666666666666667,1.0,3,2,2.0,24.0,29,27,26.666666666666668
346,4.0,4,4,4.0,5.0,5,4,4.666666666666667,1.0,1,1,1.0,4.0,5,4,4.333333333333333,5.0,5,5,5.0,2.0,2,2,2.0,2.0,5,4,3.6666666666666665,3.0,3,3,3.0,26.0,30,27,27.666666666666668
347,4.0,4,4,4.0,5.0,5,5,5.0,2.0,2,3,2.3333333333333335,1.0,5,5,3.6666666666666665,5.0,5,5,5.0,1.0,2,2,1.6666666666666667,3.0,5,5,4.333333333333333,1.0,3,3,2.3333333333333335,22.0,31,32,28.333333333333332
349,1.0,1,4,2.0,4.0,3,5,4.0,1.0,1,1,1.0,1.0,1,1,1.0,1.0,1,3,1.6666666666666667,1.0,1,5,2.3333333333333335,2.0,1,3,2.0,1.0,1,2,1.3333333333333333,12.0,10,24,15.333333333333334
350,4.0,4,4,4.0,5.0,5,4,4.666666666666667,1.0,2,1,1.3333333333333333,4.0,5,5,4.666666666666667,5.0,5,5,5.0,2.0,3,2,2.3333333333333335,5.0,5,5,5.0,2.0,5,3,3.3333333333333335,28.0,34,29,30.333333333333332
351,1.0,1,1,1.0,5.0,4,4,4.333333333333333,1.0,1,1,1.0,1.0,1,1,1.0,1.0,1,1,1.0,1.0,1,1,1.0,5.0,2,5,4.0,1.0,1,1,1.0,16.0,12,15,14.333333333333334
352,4.0,4,4,4.0,5.0,5,5,5.0,1.0,1,2,1.3333333333333333,5.0,5,5,5.0,5.0,5,5,5.0,3.0,5,3,3.6666666666666665,5.0,5,5,5.0,3.0,4,3,3.3333333333333335,31.0,34,32,32.333333333333336
353,4.0,4,4,4.0,5.0,5,5,5.0,2.0,2,3,2.3333333333333335,3.0,5,3,3.6666666666666665,5.0,5,5,5.0,1.0,1,1,1.0,5.0,5,5,5.0,1.0,3,1,1.6666666666666667,26.0,30,27,27.666666666666668
354,4.0,4,5,4.333333333333333,5.0,5,5,5.0,1.0,1,1,1.0,3.0,4,4,3.6666666666666665,5.0,5,5,5.0,1.0,3,2,2.0,4.0,5,5,4.666666666666667,2.0,3,3,2.6666666666666665,25.0,30,30,28.333333333333332
355,4.0,5,4,4.333333333333333,5.0,5,5,5.0,1.0,2,1,1.3333333333333333,4.0,5,5,4.666666666666667,5.0,5,5,5.0,2.0,3,2,2.3333333333333335,5.0,5,5,5.0,1.0,3,2,2.0,27.0,33,29,29.666666666666668
357,4.0,5,4,4.333333333333333,4.0,5,4,4.333333333333333,2.0,3,1,2.0,5.0,5,5,5.0,5.0,5,5,5.0,2.0,4,2,2.6666666666666665,4.0,5,5,4.666666666666667,3.0,4,3,3.3333333333333335,29.0,36,29,31.333333333333332
358,4.0,3,4,3.6666666666666665,5.0,4,5,4.666666666666667,1.0,1,1,1.0,1.0,2,3,2.0,5.0,5,5,5.0,1.0,1,1,1.0,3.0,4,5,4.0,1.0,1,1,1.0,21.0,21,25,22.333333333333332
359,4.0,4,4,4.0,5.0,5,5,5.0,1.0,1,1,1.0,3.0,4,4,3.6666666666666665,5.0,5,5,5.0,1.0,2,2,1.6666666666666667,3.0,5,5,4.333333333333333,1.0,3,1,1.6666666666666667,23.0,29,27,26.333333333333332
360,3.0,4,4,3.6666666666666665,5.0,5,4,4.666666666666667,1.0,1,1,1.0,5.0,5,5,5.0,5.0,5,5,5.0,2.0,2,2,2.0,5.0,5,5,5.0,1.0,5,3,3.0,27.0,32,29,29.333333333333332
362,4.0,4,4,4.0,5.0,5,5,5.0,1.0,2,2,1.6666666666666667,3.0,5,4,4.0,5.0,5,5,5.0,1.0,2,1,1.3333333333333333,2.0,5,5,4.0,2.0,4,3,3.0,23.0,32,29,28.0
363,4.0,4,4,4.0,5.0,5,4,4.666666666666667,1.0,1,2,1.3333333333333333,4.0,4,4,4.0,5.0,5,5,5.0,1.0,3,1,1.6666666666666667,5.0,5,5,5.0,2.0,3,2,2.3333333333333335,27.0,30,27,28.0
364,4.0,4,4,4.0,5.0,4,5,4.666666666666667,1.0,1,2,1.3333333333333333,5.0,5,5,5.0,5.0,5,5,5.0,2.0,2,2,2.0,5.0,5,5,5.0,2.0,3,3,2.6666666666666665,29.0,29,31,29.666666666666668
365,4.0,4,5,4.333333333333333,5.0,5,5,5.0,2.0,2,2,2.0,3.0,5,5,4.333333333333333,5.0,5,5,5.0,2.0,2,3,2.3333333333333335,5.0,5,5,5.0,2.0,3,2,2.3333333333333335,28.0,31,32,30.333333333333332
366,5.0,5,5,5.0,5.0,5,5,5.0,2.0,3,3,2.6666666666666665,1.0,4,4,3.0,2.0,5,5,4.0,1.0,2,1,1.3333333333333333,5.0,4,5,4.666666666666667,1.0,3,3,2.3333333333333335,22.0,31,31,28.0
367,4.0,4,4,4.0,5.0,5,5,5.0,3.0,3,2,2.6666666666666665,4.0,5,5,4.666666666666667,5.0,5,5,5.0,2.0,3,1,2.0,4.0,5,5,4.666666666666667,3.0,5,1,3.0,30.0,35,28,31.0
369,4.0,4,4,4.0,5.0,5,5,5.0,1.0,1,1,1.0,4.0,5,3,4.0,4.0,5,4,4.333333333333333,1.0,1,1,1.0,5.0,5,5,5.0,1.0,2,2,1.6666666666666667,25.0,28,25,26.0
371,5.0,5,4,4.666666666666667,5.0,5,5,5.0,1.0,3,1,1.6666666666666667,5.0,5,5,5.0,5.0,5,5,5.0,2.0,3,2,2.3333333333333335,5.0,5,5,5.0,1.0,5,2,2.6666666666666665,29.0,36,29,31.333333333333332
374,5.0,5,5,5.0,5.0,5,5,5.0,2.0,3,3,2.6666666666666665,4.0,5,4,4.333333333333333,5.0,5,5,5.0,1.0,3,1,1.6666666666666667,5.0,5,5,5.0,2.0,5,2,3.0,29.0,36,30,31.666666666666668
377,1.0,4,4,3.0,1.0,4,5,3.3333333333333335,1.0,1,2,1.3333333333333333,1.0,4,4,3.0,1.0,5,5,3.6666666666666665,1.0,1,1,1.0,1.0,1,4,2.0,1.0,2,2,1.6666666666666667,8.0,22,27,19.0
379,4.0,4,4,4.0,5.0,5,5,5.0,1.0,1,1,1.0,3.0,4,4,3.6666666666666665,5.0,5,5,5.0,3.0,4,2,3.0,5.0,5,5,5.0,3.0,3,3,3.0,29.0,31,29,29.666666666666668
380,4.0,4,4,4.0,5.0,5,5,5.0,2.0,2,2,2.0,2.0,4,4,3.3333333333333335,5.0,5,5,5.0,2.0,1,2,1.6666666666666667,2.0,4,4,3.3333333333333335,1.0,3,3,2.3333333333333335,23.0,28,29,26.666666666666668
383,2.0,2,4,2.6666666666666665,4.0,4,4,4.0,1.0,1,1,1.0,3.0,1,3,2.3333333333333335,5.0,5,5,5.0,3.0,4,3,3.3333333333333335,4.0,1,5,3.3333333333333335,2.0,1,2,1.6666666666666667,24.0,19,27,23.333333333333332
384,4.0,4,5,4.333333333333333,4.0,5,5,4.666666666666667,1.0,3,2,2.0,4.0,5,5,4.666666666666667,5.0,5,5,5.0,1.0,1,1,1.0,5.0,5,5,5.0,3.0,3,2,2.6666666666666665,27.0,31,30,29.333333333333332
385,5.0,5,5,5.0,5.0,5,5,5.0,2.0,4,4,3.3333333333333335,2.0,5,3,3.3333333333333335,4.0,5,5,4.666666666666667,1.0,1,2,1.3333333333333333,5.0,5,5,5.0,1.0,3,2,2.0,25.0,33,31,29.666666666666668
386,4.0,4,4,4.0,5.0,5,5,5.0,2.0,2,2,2.0,2.0,5,5,4.0,4.0,5,5,4.666666666666667,2.0,1,2,1.6666666666666667,5.0,5,5,5.0,2.0,4,1,2.3333333333333335,26.0,31,29,28.666666666666668
387,4.0,4,4,4.0,5.0,5,5,5.0,2.0,1,1,1.3333333333333333,4.0,4,4,4.0,5.0,5,5,5.0,1.0,1,1,1.0,4.0,5,5,4.666666666666667,1.0,1,1,1.0,26.0,26,26,26.0
388,2.0,4,4,3.3333333333333335,4.0,4,5,4.333333333333333,2.0,1,1,1.3333333333333333,3.0,4,4,3.6666666666666665,5.0,5,5,5.0,1.0,1,1,1.0,5.0,5,5,5.0,1.0,3,2,2.0,23.0,27,27,25.666666666666668
389,4.0,4,4,4.0,5.0,5,5,5.0,1.0,1,1,1.0,4.0,5,5,4.666666666666667,5.0,5,4,4.666666666666667,2.0,2,1,1.6666666666666667,5.0,5,5,5.0,2.0,3,1,2.0,28.0,30,26,28.0
390,4.0,4,4,4.0,5.0,5,5,5.0,1.0,1,1,1.0,4.0,5,4,4.333333333333333,5.0,5,5,5.0,1.0,2,2,1.6666666666666667,5.0,5,5,5.0,3.0,3,3,3.0,28.0,30,29,29.0
391,4.0,4,4,4.0,5.0,5,5,5.0,1.0,1,1,1.0,1.0,4,4,3.0,5.0,5,5,5.0,2.0,1,2,1.6666666666666667,2.0,1,2,1.6666666666666667,1.0,1,1,1.0,21.0,22,24,22.333333333333332
392,4.0,4,4,4.0,5.0,5,5,5.0,1.0,1,2,1.3333333333333333,3.0,4,3,3.3333333333333335,5.0,5,5,5.0,1.0,2,1,1.3333333333333333,5.0,5,5,5.0,2.0,4,2,2.6666666666666665,26.0,30,27,27.666666666666668
393,4.0,4,4,4.0,5.0,5,5,5.0,1.0,1,1,1.0,4.0,4,4,4.0,5.0,5,5,5.0,2.0,4,2,2.6666666666666665,5.0,5,5,5.0,3.0,3,3,3.0,29.0,31,29,29.666666666666668
394,3.0,4,3,3.3333333333333335,4.0,4,4,4.0,1.0,1,1,1.0,1.0,4,3,2.6666666666666665,5.0,5,5,5.0,1.0,1,2,1.3333333333333333,4.0,5,5,4.666666666666667,1.0,1,1,1.0,20.0,25,24,23.0
395,4.0,5,5,4.666666666666667,5.0,5,5,5.0,1.0,1,2,1.3333333333333333,4.0,4,4,4.0,5.0,5,5,5.0,1.0,1,1,1.0,4.0,5,5,4.666666666666667,1.0,3,2,2.0,25.0,29,29,27.666666666666668
396,4.0,4,4,4.0,5.0,5,5,5.0,1.0,1,1,1.0,3.0,4,3,3.3333333333333335,5.0,5,5,5.0,2.0,4,2,2.6666666666666665,5.0,5,5,5.0,1.0,3,3,2.3333333333333335,26.0,31,28,28.333333333333332
397,4.0,4,4,4.0,5.0,5,5,5.0,1.0,1,1,1.0,4.0,4,4,4.0,5.0,5,5,5.0,2.0,2,2,2.0,4.0,5,5,4.666666666666667,2.0,3,3,2.6666666666666665,27.0,29,29,28.333333333333332
398,4.0,4,4,4.0,5.0,5,5,5.0,1.0,1,2,1.3333333333333333,1.0,4,4,3.0,5.0,5,5,5.0,1.0,1,1,1.0,4.0,5,5,4.666666666666667,1.0,3,1,1.6666666666666667,22.0,28,27,25.666666666666668
399,4.0,4,4,4.0,5.0,5,5,5.0,1.0,1,2,1.3333333333333333,3.0,4,3,3.3333333333333335,5.0,5,5,5.0,1.0,1,1,1.0,4.0,5,5,4.666666666666667,1.0,3,2,2.0,24.0,28,27,26.333333333333332
400,4.0,4,4,4.0,5.0,5,5,5.0,1.0,1,1,1.0,4.0,4,3,3.6666666666666665,5.0,5,5,5.0,1.0,1,1,1.0,4.0,4,5,4.333333333333333,1.0,3,1,1.6666666666666667,25.0,27,25,25.666666666666668
401,4.0,5,4,4.333333333333333,4.0,5,5,4.666666666666667,1.0,1,1,1.0,3.0,5,3,3.6666666666666665,5.0,5,5,5.0,1.0,2,1,1.3333333333333333,5.0,5,5,5.0,3.0,3,1,2.3333333333333335,26.0,31,25,27.333333333333332
402,4.0,4,4,4.0,5.0,5,5,5.0,1.0,1,2,1.3333333333333333,1.0,4,4,3.0,5.0,5,5,5.0,1.0,1,1,1.0,4.0,5,5,4.666666666666667,1.0,1,1,1.0,22.0,26,27,25.0
404,4.0,4,4,4.0,5.0,5,5,5.0,1.0,3,2,2.0,1.0,5,5,3.6666666666666665,5.0,5,5,5.0,2.0,2,2,2.0,1.0,5,5,3.6666666666666665,1.0,3,3,2.3333333333333335,20.0,32,31,27.666666666666668
406,5.0,4,5,4.666666666666667,5.0,5,5,5.0,1.0,1,2,1.3333333333333333,5.0,1,4,3.3333333333333335,2.0,1,2,1.6666666666666667,1.0,1,1,1.0,4.0,2,5,3.6666666666666665,1.0,1,1,1.0,24.0,16,25,21.666666666666668
408,4.0,4,4,4.0,4.0,5,4,4.333333333333333,1.0,1,1,1.0,4.0,5,4,4.333333333333333,4.0,5,5,4.666666666666667,2.0,2,2,2.0,5.0,5,5,5.0,1.0,4,3,2.6666666666666665,25.0,31,28,28.0
409,4.0,4,5,4.333333333333333,5.0,5,5,5.0,1.0,1,1,1.0,4.0,4,4,4.0,5.0,5,5,5.0,1.0,4,2,2.3333333333333335,4.0,5,5,4.666666666666667,2.0,3,1,2.0,26.0,31,28,28.333333333333332
410,4.0,4,4,4.0,5.0,5,5,5.0,2.0,2,2,2.0,3.0,5,4,4.0,5.0,5,5,5.0,2.0,4,4,3.3333333333333335,5.0,5,5,5.0,3.0,4,3,3.3333333333333335,29.0,34,32,31.666666666666668
411,2.0,4,4,3.3333333333333335,3.0,5,5,4.333333333333333,2.0,3,1,2.0,4.0,5,4,4.333333333333333,5.0,5,5,5.0,2.0,2,2,2.0,5.0,5,5,5.0,1.0,3,1,1.6666666666666667,24.0,32,27,27.666666666666668
412,5.0,4,4,4.333333333333333,5.0,5,5,5.0,2.0,3,2,2.3333333333333335,4.0,5,5,4.666666666666667,5.0,5,5,5.0,2.0,2,2,2.0,5.0,5,5,5.0,1.0,5,3,3.0,29.0,34,31,31.333333333333332
413,3.0,4,4,3.6666666666666665,3.0,5,5,4.333333333333333,1.0,1,2,1.3333333333333333,4.0,4,3,3.6666666666666665,5.0,5,5,5.0,1.0,1,1,1.0,4.0,5,5,4.666666666666667,1.0,2,1,1.3333333333333333,22.0,27,26,25.0
414,4.0,4,4,4.0,5.0,5,5,5.0,2.0,3,2,2.3333333333333335,4.0,5,5,4.666666666666667,5.0,5,5,5.0,2.0,2,2,2.0,5.0,5,5,5.0,3.0,4,3,3.3333333333333335,30.0,33,31,31.333333333333332
415,4.0,4,4,4.0,5.0,4,5,4.666666666666667,1.0,2,1,1.3333333333333333,3.0,5,4,4.0,5.0,5,5,5.0,1.0,1,1,1.0,5.0,5,5,5.0,1.0,1,1,1.0,25.0,27,26,26.0
416,4.0,4,4,4.0,5.0,4,5,4.666666666666667,3.0,2,2,2.3333333333333335,3.0,4,4,3.6666666666666665,5.0,5,5,5.0,1.0,1,1,1.0,4.0,5,4,4.333333333333333,1.0,1,1,1.0,26.0,26,26,26.0
417,4.0,4,4,4.0,5.0,5,5,5.0,1.0,1,1,1.0,3.0,4,3,3.3333333333333335,5.0,5,5,5.0,2.0,3,1,2.0,3.0,4,5,4.0,1.0,3,2,2.0,24.0,29,26,26.333333333333332
418,4.0,5,4,4.333333333333333,5.0,5,4,4.666666666666667,1.0,1,1,1.0,3.0,5,5,4.333333333333333,5.0,5,5,5.0,2.0,2,1,1.6666666666666667,5.0,5,5,5.0,1.0,3,1,1.6666666666666667,26.0,31,26,27.666666666666668
420,4.0,4,4,4.0,5.0,5,5,5.0,1.0,1,1,1.0,1.0,4,3,2.6666666666666665,5.0,5,5,5.0,1.0,1,1,1.0,5.0,5,5,5.0,1.0,1,1,1.0,23.0,26,25,24.666666666666668
421,4.0,4,5,4.333333333333333,4.0,5,5,4.666666666666667,1.0,1,1,1.0,4.0,4,4,4.0,5.0,5,5,5.0,3.0,3,1,2.3333333333333335,5.0,5,5,5.0,3.0,2,3,2.6666666666666665,29.0,29,29,29.0
422,4.0,4,4,4.0,5.0,5,4,4.666666666666667,2.0,2,2,2.0,3.0,5,5,4.333333333333333,5.0,5,5,5.0,2.0,2,2,2.0,5.0,5,5,5.0,3.0,5,2,3.3333333333333335,29.0,33,29,30.333333333333332
424,4.0,4,4,4.0,5.0,5,5,5.0,2.0,2,2,2.0,4.0,5,5,4.666666666666667,5.0,5,5,5.0,1.0,1,2,1.3333333333333333,5.0,5,5,5.0,2.0,3,1,2.0,28.0,30,29,29.0
425,4.0,4,4,4.0,5.0,5,5,5.0,2.0,2,1,1.6666666666666667,1.0,4,3,2.6666666666666665,4.0,5,5,4.666666666666667,1.0,1,1,1.0,5.0,5,5,5.0,1.0,2,1,1.3333333333333333,23.0,28,25,25.333333333333332
426,4.0,4,4,4.0,5.0,5,5,5.0,2.0,2,2,2.0,4.0,5,4,4.333333333333333,5.0,5,5,5.0,1.0,1,1,1.0,5.0,5,5,5.0,2.0,3,1,2.0,28.0,30,27,28.333333333333332
427,5.0,4,5,4.666666666666667,5.0,5,5,5.0,1.0,1,2,1.3333333333333333,3.0,4,4,3.6666666666666665,5.0,5,5,5.0,1.0,1,1,1.0,5.0,5,5,5.0,1.0,3,1,1.6666666666666667,26.0,28,28,27.333333333333332
428,4.0,4,4,4.0,5.0,5,5,5.0,1.0,1,1,1.0,1.0,5,4,3.3333333333333335,5.0,5,5,5.0,1.0,1,2,1.3333333333333333,5.0,5,5,5.0,1.0,3,5,3.0,23.0,29,31,27.666666666666668
429,4.0,4,4,4.0,5.0,5,5,5.0,1.0,1,2,1.3333333333333333,3.0,4,4,3.6666666666666665,5.0,5,5,5.0,1.0,1,1,1.0,4.0,5,5,4.666666666666667,1.0,3,1,1.6666666666666667,24.0,28,27,26.333333333333332
430,4.0,4,4,4.0,4.0,5,5,4.666666666666667,1.0,1,1,1.0,5.0,5,4,4.666666666666667,5.0,5,5,5.0,2.0,1,1,1.3333333333333333,5.0,5,5,5.0,2.0,3,2,2.3333333333333335,28.0,29,27,28.0
431,4.0,5,4,4.333333333333333,5.0,5,5,5.0,1.0,1,1,1.0,4.0,5,5,4.666666666666667,5.0,5,5,5.0,2.0,2,2,2.0,5.0,5,5,5.0,3.0,5,3,3.6666666666666665,29.0,33,30,30.666666666666668
432,4.0,4,4,4.0,5.0,5,5,5.0,1.0,1,2,1.3333333333333333,4.0,4,4,4.0,5.0,5,5,5.0,2.0,2,1,1.6666666666666667,3.0,5,5,4.333333333333333,2.0,3,2,2.3333333333333335,26.0,29,28,27.666666666666668
433,4.0,4,4,4.0,5.0,5,5,5.0,1.0,1,2,1.3333333333333333,3.0,4,4,3.6666666666666665,5.0,5,5,5.0,1.0,1,1,1.0,3.0,5,5,4.333333333333333,3.0,3,1,2.3333333333333335,25.0,28,27,26.666666666666668
434,4.0,4,4,4.0,5.0,5,5,5.0,1.0,1,2,1.3333333333333333,3.0,4,3,3.3333333333333335,5.0,5,5,5.0,1.0,1,1,1.0,4.0,5,5,4.666666666666667,2.0,4,2,2.6666666666666665,25.0,29,27,27.0
436,4.0,4,4,4.0,5.0,4,5,4.666666666666667,1.0,1,1,1.0,3.0,4,4,3.6666666666666665,5.0,5,5,5.0,1.0,1,1,1.0,4.0,4,5,4.333333333333333,1.0,2,2,1.6666666666666667,24.0,25,27,25.333333333333332
437,4.0,4,4,4.0,4.0,4,5,4.333333333333333,1.0,1,2,1.3333333333333333,4.0,4,4,4.0,5.0,5,5,5.0,1.0,1,1,1.0,4.0,5,5,4.666666666666667,1.0,3,2,2.0,24.0,27,28,26.333333333333332
438,4.0,4,4,4.0,5.0,5,5,5.0,1.0,1,1,1.0,3.0,5,3,3.6666666666666665,5.0,5,5,5.0,2.0,1,1,1.3333333333333333,5.0,5,5,5.0,2.0,3,2,2.3333333333333335,27.0,29,26,27.333333333333332
439,4.0,4,4,4.0,5.0,5,5,5.0,1.0,1,2,1.3333333333333333,3.0,4,4,3.6666666666666665,5.0,5,5,5.0,1.0,1,1,1.0,5.0,5,5,5.0,1.0,3,1,1.6666666666666667,25.0,28,27,26.666666666666668
442,4.0,4,4,4.0,5.0,5,4,4.666666666666667,1.0,1,1,1.0,4.0,5,5,4.666666666666667,5.0,5,5,5.0,2.0,2,2,2.0,4.0,5,5,4.666666666666667,1.0,1,1,1.0,26.0,28,27,27.0
443,2.0,1,4,2.3333333333333335,5.0,4,5,4.666666666666667,2.0,1,1,1.3333333333333333,5.0,1,5,3.6666666666666665,5.0,5,5,5.0,5.0,2,3,3.3333333333333335,5.0,5,5,5.0,4.0,2,3,3.0,33.0,21,31,28.333333333333332
444,4.0,4,4,4.0,5.0,5,5,5.0,1.0,1,1,1.0,1.0,4,4,3.0,5.0,5,5,5.0,1.0,1,1,1.0,5.0,5,5,5.0,1.0,2,1,1.3333333333333333,23.0,27,26,25.333333333333332
445,4.0,4,4,4.0,5.0,4,4,4.333333333333333,1.0,1,1,1.0,4.0,5,4,4.333333333333333,4.0,5,5,4.666666666666667,2.0,2,2,2.0,4.0,5,5,4.666666666666667,1.0,2,1,1.3333333333333333,25.0,28,26,26.333333333333332
446,4.0,5,4,4.333333333333333,5.0,5,5,5.0,1.0,1,1,1.0,3.0,4,4,3.6666666666666665,5.0,5,5,5.0,1.0,2,1,1.3333333333333333,4.0,5,5,4.666666666666667,1.0,3,3,2.3333333333333335,24.0,30,28,27.333333333333332
448,4.0,4,4,4.0,4.0,5,5,4.666666666666667,2.0,1,1,1.3333333333333333,3.0,5,4,4.0,5.0,5,5,5.0,1.0,1,1,1.0,4.0,2,5,3.6666666666666665,3.0,3,2,2.6666666666666665,26.0,26,27,26.333333333333332
